{
  "annotations" : [ ],
  "autoCompleteData" : [ ],
  "enabled" : true,
  "exampleData" : [ {
    "annotations" : [ ],
    "contributor" : null,
    "crowdJobId" : null,
    "detectedLanguage" : null,
    "developerId" : null,
    "developerTag" : null,
    "exampleEntities" : [ ],
    "sentence" : "Corp - What happens if I entered the security code device PIN incorrectly?",
    "trackingId" : "A063A658-530F-4A6D-9C41-139158008E46",
    "translated" : null,
    "translatedBy" : null,
    "translatedLanguage" : null
  }, {
    "annotations" : [ ],
    "contributor" : null,
    "crowdJobId" : null,
    "detectedLanguage" : null,
    "developerId" : null,
    "developerTag" : null,
    "exampleEntities" : [ ],
    "sentence" : "Corp - What happens if the hard token PIN code is entered incorrectly?",
    "trackingId" : "1939D76A-13F7-4283-9992-404CFA48ACFA",
    "translated" : null,
    "translatedBy" : null,
    "translatedLanguage" : null
  } ],
  "intentParameters" : [ ],
  "name" : "ANS.FAQs.alAhlyNet.nbe.mobile.corp.happen.hard.token.pin.code.enter.incorrectli",
  "trackingId" : "C6EA6173-A164-4426-A7AF-DAA6777BB524"
}