{
  "annotations" : [ ],
  "autoCompleteData" : [ ],
  "enabled" : true,
  "exampleData" : [ {
    "annotations" : [ ],
    "contributor" : null,
    "crowdJobId" : null,
    "detectedLanguage" : null,
    "developerId" : null,
    "developerTag" : null,
    "exampleEntities" : [ ],
    "sentence" : "What is the maximum Auto Loan tenor?",
    "trackingId" : "D31AA973-13D8-43F1-B8A2-8F8020E59104",
    "translated" : null,
    "translatedBy" : null,
    "translatedLanguage" : null
  }, {
    "annotations" : [ ],
    "contributor" : null,
    "crowdJobId" : null,
    "detectedLanguage" : null,
    "developerId" : null,
    "developerTag" : null,
    "exampleEntities" : [ ],
    "sentence" : "What is the maximum financing term for a car loan?",
    "trackingId" : "8D307994-33D4-4069-84E2-BC45C61A87A4",
    "translated" : null,
    "translatedBy" : null,
    "translatedLanguage" : null
  } ],
  "intentParameters" : [ ],
  "name" : "ANS.FAQs.auto.loan.max.tenor",
  "trackingId" : "070F154F-90E1-4063-AD1E-888B2FF2BDE5"
}