{
  "annotations" : [ ],
  "autoCompleteData" : [ ],
  "enabled" : true,
  "exampleData" : [ {
    "annotations" : [ ],
    "contributor" : null,
    "crowdJobId" : null,
    "detectedLanguage" : null,
    "developerId" : null,
    "developerTag" : null,
    "exampleEntities" : [ ],
    "sentence" : "What are the NBE Products and Services that offer AL-AHLY Points?",
    "trackingId" : "8FB0AD68-94AC-44BD-ADAB-683DBB236D32",
    "translated" : null,
    "translatedBy" : null,
    "translatedLanguage" : null
  }, {
    "annotations" : [ ],
    "contributor" : null,
    "crowdJobId" : null,
    "detectedLanguage" : null,
    "developerId" : null,
    "developerTag" : null,
    "exampleEntities" : [ ],
    "sentence" : "What are the products of the National Bank that grant AL-AHLY Points?",
    "trackingId" : "4378775B-EFD2-4455-B393-8E11C64A9940",
    "translated" : null,
    "translatedBy" : null,
    "translatedLanguage" : null
  } ],
  "intentParameters" : [ ],
  "name" : "ANS.FAQs.alAhlyPoints.product.offer",
  "trackingId" : "95C0261B-C7BB-44BF-80F5-E97079A492B9"
}