{
  "annotations" : [ ],
  "autoCompleteData" : [ ],
  "enabled" : true,
  "exampleData" : [ {
    "annotations" : [ ],
    "contributor" : null,
    "crowdJobId" : null,
    "detectedLanguage" : null,
    "developerId" : null,
    "developerTag" : null,
    "exampleEntities" : [ ],
    "sentence" : "Retail - Can I amend my personal information via Al Ahly Net/ NBE Mobile?",
    "trackingId" : "63CB382E-2F05-43DD-A406-26A8BC206DC2",
    "translated" : null,
    "translatedBy" : null,
    "translatedLanguage" : null
  }, {
    "annotations" : [ ],
    "contributor" : null,
    "crowdJobId" : null,
    "detectedLanguage" : null,
    "developerId" : null,
    "developerTag" : null,
    "exampleEntities" : [ ],
    "sentence" : "Retail - Can I amend personal data through Al-Ahly Net / Al-Ahly Mobile?",
    "trackingId" : "CEE8B232-9B5B-426E-80AA-31CC4C83F3F3",
    "translated" : null,
    "translatedBy" : null,
    "translatedLanguage" : null
  } ],
  "intentParameters" : [ ],
  "name" : "ANS.FAQs.alAhlyNet.nbe.mobile.ret.amend.person.info",
  "trackingId" : "DC3F24EB-EDC4-4F8C-9DFE-E7B21051EDC6"
}