{
  "annotations" : [ ],
  "autoCompleteData" : [ ],
  "enabled" : true,
  "exampleData" : [ {
    "annotations" : [ ],
    "contributor" : null,
    "crowdJobId" : null,
    "detectedLanguage" : null,
    "developerId" : null,
    "developerTag" : null,
    "exampleEntities" : [ ],
    "sentence" : "Corp - How can I apply for a corporate credit card?",
    "trackingId" : "FF1FAB9A-7A70-4156-BF82-9015E7D26C05",
    "translated" : null,
    "translatedBy" : null,
    "translatedLanguage" : null
  }, {
    "annotations" : [ ],
    "contributor" : null,
    "crowdJobId" : null,
    "detectedLanguage" : null,
    "developerId" : null,
    "developerTag" : null,
    "exampleEntities" : [ ],
    "sentence" : "Corp - How can I obtain a corporate credit card?",
    "trackingId" : "FDB1FF23-36FB-4898-AC5F-FAA9BB714433",
    "translated" : null,
    "translatedBy" : null,
    "translatedLanguage" : null
  } ],
  "intentParameters" : [ ],
  "name" : "ANS.FAQs.corp.credit.cards.appli.corp.card",
  "trackingId" : "E38E950A-E68C-4AB8-A4F4-87868204179C"
}