{
  "annotations" : [ ],
  "autoCompleteData" : [ ],
  "enabled" : true,
  "exampleData" : [ {
    "annotations" : [ ],
    "contributor" : null,
    "crowdJobId" : null,
    "detectedLanguage" : null,
    "developerId" : null,
    "developerTag" : null,
    "exampleEntities" : [ ],
    "sentence" : "Retail - Can I create a budget via Al Ahly Net/NBE Mobile?",
    "trackingId" : "C90F4182-099C-4E50-A976-F7E661346860",
    "translated" : null,
    "translatedBy" : null,
    "translatedLanguage" : null
  }, {
    "annotations" : [ ],
    "contributor" : null,
    "crowdJobId" : null,
    "detectedLanguage" : null,
    "developerId" : null,
    "developerTag" : null,
    "exampleEntities" : [ ],
    "sentence" : "Retail - Can I make a budget through Al-Ahly Net / Al-Ahly Mobile service?",
    "trackingId" : "91FA37D6-516D-4D99-8A8C-DAEC6FBEBA28",
    "translated" : null,
    "translatedBy" : null,
    "translatedLanguage" : null
  } ],
  "intentParameters" : [ ],
  "name" : "ANS.FAQs.alAhlyNet.nbe.mobile.ret.creat.budget",
  "trackingId" : "B2E396D8-9D4C-4BD0-A02C-37796EB398E3"
}