{
  "annotations" : [ ],
  "autoCompleteData" : [ ],
  "enabled" : true,
  "exampleData" : [ {
    "annotations" : [ ],
    "contributor" : null,
    "crowdJobId" : null,
    "detectedLanguage" : null,
    "developerId" : null,
    "developerTag" : null,
    "exampleEntities" : [ ],
    "sentence" : "Can I choose to receive a paper account statement and an account statement via e-mail?",
    "trackingId" : "F6DB5A3E-7A1C-467F-BED8-27429AED4751",
    "translated" : null,
    "translatedBy" : null,
    "translatedLanguage" : null
  }, {
    "annotations" : [ ],
    "contributor" : null,
    "crowdJobId" : null,
    "detectedLanguage" : null,
    "developerId" : null,
    "developerTag" : null,
    "exampleEntities" : [ ],
    "sentence" : "Can I choose to receive both paper statements and e-statements via email?",
    "trackingId" : "91D0C64E-84F8-4559-89BF-5A735B334C98",
    "translated" : null,
    "translatedBy" : null,
    "translatedLanguage" : null
  } ],
  "intentParameters" : [ ],
  "name" : "ANS.FAQs.acc.cert.saving.pools.choos.receiv.paper.statement.e.email",
  "trackingId" : "BFD84FA8-2C86-4B24-AE84-042AA882EB10"
}