{
  "annotations" : [ ],
  "autoCompleteData" : [ ],
  "enabled" : true,
  "exampleData" : [ {
    "annotations" : [ ],
    "contributor" : null,
    "crowdJobId" : null,
    "detectedLanguage" : null,
    "developerId" : null,
    "developerTag" : null,
    "exampleEntities" : [ ],
    "sentence" : "Corp - How can I get a password to use Al Ahly Net & NBE Mobile?",
    "trackingId" : "C8145700-C7E5-4F3E-8394-9364B0CE069D",
    "translated" : null,
    "translatedBy" : null,
    "translatedLanguage" : null
  }, {
    "annotations" : [ ],
    "contributor" : null,
    "crowdJobId" : null,
    "detectedLanguage" : null,
    "developerId" : null,
    "developerTag" : null,
    "exampleEntities" : [ ],
    "sentence" : "Corp - How can I get the password for Al-Ahly Net / Al-Ahly Mobile service?",
    "trackingId" : "E0C961C6-2E0A-47F2-BDEC-AFFDEE7D0CF1",
    "translated" : null,
    "translatedBy" : null,
    "translatedLanguage" : null
  } ],
  "intentParameters" : [ ],
  "name" : "ANS.FAQs.alAhlyNet.nbe.mobile.corp.password.us",
  "trackingId" : "7DE44B99-EF6E-4F39-BD0F-CCC517A01A04"
}