{
  "annotations" : [ ],
  "autoCompleteData" : [ ],
  "enabled" : true,
  "exampleData" : [ {
    "annotations" : [ ],
    "contributor" : null,
    "crowdJobId" : null,
    "detectedLanguage" : null,
    "developerId" : null,
    "developerTag" : null,
    "exampleEntities" : [ ],
    "sentence" : "Retail - What is the credit card grace period? And how is the debt returns calculated?",
    "trackingId" : "1A1E5EAF-C808-4E1F-8894-A6ED6D165149",
    "translated" : null,
    "translatedBy" : null,
    "translatedLanguage" : null
  }, {
    "annotations" : [ ],
    "contributor" : null,
    "crowdJobId" : null,
    "detectedLanguage" : null,
    "developerId" : null,
    "developerTag" : null,
    "exampleEntities" : [ ],
    "sentence" : "Retail - What is the grace period for credit cards? How is debit interest calculated?",
    "trackingId" : "692F2B28-7369-4BF9-9061-35010A755EFD",
    "translated" : null,
    "translatedBy" : null,
    "translatedLanguage" : null
  } ],
  "intentParameters" : [ ],
  "name" : "ANS.FAQs.credit.cards.ret.grace.period.debit.interest.calcul",
  "trackingId" : "EA1A21B9-B597-49E6-9087-28D58D99740E"
}