{
  "annotations" : [ ],
  "autoCompleteData" : [ ],
  "enabled" : true,
  "exampleData" : [ {
    "annotations" : [ ],
    "contributor" : null,
    "crowdJobId" : null,
    "detectedLanguage" : null,
    "developerId" : null,
    "developerTag" : null,
    "exampleEntities" : [ ],
    "sentence" : "Corp - What are the available options for amending certificates or deposits?",
    "trackingId" : "24A487C1-AA84-44AC-8698-CE9C838EB360",
    "translated" : null,
    "translatedBy" : null,
    "translatedLanguage" : null
  }, {
    "annotations" : [ ],
    "contributor" : null,
    "crowdJobId" : null,
    "detectedLanguage" : null,
    "developerId" : null,
    "developerTag" : null,
    "exampleEntities" : [ ],
    "sentence" : "Corp - What are the available options for modification regarding certificates and deposits?",
    "trackingId" : "C8AA1DB8-26EE-4093-A40C-383BCA4CD079",
    "translated" : null,
    "translatedBy" : null,
    "translatedLanguage" : null
  } ],
  "intentParameters" : [ ],
  "name" : "ANS.FAQs.alAhlyNet.al.ahly.mobile.corp.avail.option.amend.cert.deposit",
  "trackingId" : "F85443EC-8601-4947-8132-8BEC11508768"
}