{
  "annotations" : [ ],
  "autoCompleteData" : [ ],
  "enabled" : true,
  "exampleData" : [ {
    "annotations" : [ ],
    "contributor" : null,
    "crowdJobId" : null,
    "detectedLanguage" : null,
    "developerId" : null,
    "developerTag" : null,
    "exampleEntities" : [ ],
    "sentence" : "How is the account operated?",
    "trackingId" : "F181E465-D3E9-4DBC-8742-767AB350B274",
    "translated" : null,
    "translatedBy" : null,
    "translatedLanguage" : null
  }, {
    "annotations" : [ ],
    "contributor" : null,
    "crowdJobId" : null,
    "detectedLanguage" : null,
    "developerId" : null,
    "developerTag" : null,
    "exampleEntities" : [ ],
    "sentence" : "How to deal on the account",
    "trackingId" : "EFD08A27-1538-4C60-BD3F-79E0DDF21254",
    "translated" : null,
    "translatedBy" : null,
    "translatedLanguage" : null
  } ],
  "intentParameters" : [ ],
  "name" : "ANS.FAQs.al.ahly.payroll.current.acc.program.acc.oper",
  "trackingId" : "8D73AEA9-8B43-4BF4-ADD1-898E8824A6ED"
}