{
  "annotations" : [ ],
  "autoCompleteData" : [ ],
  "enabled" : true,
  "exampleData" : [ {
    "annotations" : [ ],
    "contributor" : null,
    "crowdJobId" : null,
    "detectedLanguage" : null,
    "developerId" : null,
    "developerTag" : null,
    "exampleEntities" : [ ],
    "sentence" : "Can I transfer any amounts to a wallet outside Egypt?",
    "trackingId" : "A3EBD356-1201-4500-BA4F-F678C42BACB6",
    "translated" : null,
    "translatedBy" : null,
    "translatedLanguage" : null
  }, {
    "annotations" : [ ],
    "contributor" : null,
    "crowdJobId" : null,
    "detectedLanguage" : null,
    "developerId" : null,
    "developerTag" : null,
    "exampleEntities" : [ ],
    "sentence" : "Is it possible to transfer any amounts to another client's wallet outside the Republic?",
    "trackingId" : "BF5EADCF-3664-4EE7-A406-886369950959",
    "translated" : null,
    "translatedBy" : null,
    "translatedLanguage" : null
  } ],
  "intentParameters" : [ ],
  "name" : "ANS.FAQs.alAhlyPhoneCash.transfer.amount.wallet.outsid.egypt",
  "trackingId" : "C629C3CD-63F6-4E44-87AB-ADCAEA4AFE23"
}