{
  "annotations" : [ ],
  "autoCompleteData" : [ ],
  "enabled" : true,
  "exampleData" : [ {
    "annotations" : [ ],
    "contributor" : null,
    "crowdJobId" : null,
    "detectedLanguage" : null,
    "developerId" : null,
    "developerTag" : null,
    "exampleEntities" : [ ],
    "sentence" : "Retail - Can I track my expenses via Al Ahly Net/NBE Mobile?",
    "trackingId" : "39F498B3-F009-4D11-AD33-8213810F68AA",
    "translated" : null,
    "translatedBy" : null,
    "translatedLanguage" : null
  }, {
    "annotations" : [ ],
    "contributor" : null,
    "crowdJobId" : null,
    "detectedLanguage" : null,
    "developerId" : null,
    "developerTag" : null,
    "exampleEntities" : [ ],
    "sentence" : "Retail - How can I follow up on my expenses through Al-Ahly Net / Al-Ahly Mobily service?",
    "trackingId" : "3274C239-9088-41AA-A3D4-6D252326EEF7",
    "translated" : null,
    "translatedBy" : null,
    "translatedLanguage" : null
  } ],
  "intentParameters" : [ ],
  "name" : "ANS.FAQs.alAhlyNet.nbe.mobile.ret.track.expens",
  "trackingId" : "E92399EA-93A8-431D-89D7-5B738B77CA48"
}