{
  "annotations" : [ ],
  "autoCompleteData" : [ ],
  "enabled" : true,
  "exampleData" : [ {
    "annotations" : [ ],
    "contributor" : null,
    "crowdJobId" : null,
    "detectedLanguage" : null,
    "developerId" : null,
    "developerTag" : null,
    "exampleEntities" : [ ],
    "sentence" : "Corp - What is the primary account assigned upon opening an investment account?",
    "trackingId" : "D15C8E9B-14E0-432B-850D-D0727B9E9F77",
    "translated" : null,
    "translatedBy" : null,
    "translatedLanguage" : null
  }, {
    "annotations" : [ ],
    "contributor" : null,
    "crowdJobId" : null,
    "detectedLanguage" : null,
    "developerId" : null,
    "developerTag" : null,
    "exampleEntities" : [ ],
    "sentence" : "Corp - What is the primary account that is designated when opening the investment account?",
    "trackingId" : "D844B47F-E944-4B78-8611-969FF2B1CBA8",
    "translated" : null,
    "translatedBy" : null,
    "translatedLanguage" : null
  } ],
  "intentParameters" : [ ],
  "name" : "ANS.FAQs.alAhlyNet.nbe.mobile.corp.primari.acc.assign.upon.open.invest.account",
  "trackingId" : "5B6ECFB6-0B88-4283-BB2E-D02A0C96EEB1"
}