{
  "annotations" : [ ],
  "autoCompleteData" : [ ],
  "enabled" : true,
  "exampleData" : [ {
    "annotations" : [ ],
    "contributor" : null,
    "crowdJobId" : null,
    "detectedLanguage" : null,
    "developerId" : null,
    "developerTag" : null,
    "exampleEntities" : [ ],
    "sentence" : "Retail - Can I set a basic account to conduct financial transactions from it?",
    "trackingId" : "8BDEF8D7-1701-4792-91F5-8CDF76DD29FC",
    "translated" : null,
    "translatedBy" : null,
    "translatedLanguage" : null
  }, {
    "annotations" : [ ],
    "contributor" : null,
    "crowdJobId" : null,
    "detectedLanguage" : null,
    "developerId" : null,
    "developerTag" : null,
    "exampleEntities" : [ ],
    "sentence" : "Retail - Can a primary account be selected for carrying out financial transactions?",
    "trackingId" : "55A9D709-C2E2-47BF-9E87-5E7F455EFD18",
    "translated" : null,
    "translatedBy" : null,
    "translatedLanguage" : null
  } ],
  "intentParameters" : [ ],
  "name" : "ANS.FAQs.alAhlyNet.nbe.mobile.ret.primari.acc.select.carri.financi.transact",
  "trackingId" : "35443D7B-439A-4B79-A249-4E48C99790B8"
}