{
  "annotations" : [ ],
  "autoCompleteData" : [ ],
  "enabled" : true,
  "exampleData" : [ {
    "annotations" : [ ],
    "contributor" : null,
    "crowdJobId" : null,
    "detectedLanguage" : null,
    "developerId" : null,
    "developerTag" : null,
    "exampleEntities" : [ ],
    "sentence" : "Can the vouchers be exchanged for cash?",
    "trackingId" : "E03F6002-C11A-48BF-B203-0DE1A143CFF1",
    "translated" : null,
    "translatedBy" : null,
    "translatedLanguage" : null
  }, {
    "annotations" : [ ],
    "contributor" : null,
    "crowdJobId" : null,
    "detectedLanguage" : null,
    "developerId" : null,
    "developerTag" : null,
    "exampleEntities" : [ ],
    "sentence" : "Can vouchers be exchanged for cash?",
    "trackingId" : "746BB44C-3402-4F5B-9AA8-AFB3B36CC14B",
    "translated" : null,
    "translatedBy" : null,
    "translatedLanguage" : null
  } ],
  "intentParameters" : [ ],
  "name" : "ANS.FAQs.alAhlyPoints.voucher.exchang.cash",
  "trackingId" : "D9B26B41-7F2E-48A1-B0BD-7778F637460C"
}