{
  "annotations" : [ ],
  "autoCompleteData" : [ ],
  "enabled" : true,
  "exampleData" : [ {
    "annotations" : [ ],
    "contributor" : null,
    "crowdJobId" : null,
    "detectedLanguage" : null,
    "developerId" : null,
    "developerTag" : null,
    "exampleEntities" : [ ],
    "sentence" : "Corp - How can I follow the financial transactions of the accounts?",
    "trackingId" : "995A3FE1-BE88-4BFA-ADAF-1A6F0851CF3F",
    "translated" : null,
    "translatedBy" : null,
    "translatedLanguage" : null
  }, {
    "annotations" : [ ],
    "contributor" : null,
    "crowdJobId" : null,
    "detectedLanguage" : null,
    "developerId" : null,
    "developerTag" : null,
    "exampleEntities" : [ ],
    "sentence" : "Corp - How can I track financial transactions carried out on the accounts?",
    "trackingId" : "E3625DD0-263B-4F30-8CCD-C16E4BA3B54D",
    "translated" : null,
    "translatedBy" : null,
    "translatedLanguage" : null
  } ],
  "intentParameters" : [ ],
  "name" : "ANS.FAQs.alAhlyNet.nbe.mobile.corp.track.financi.transact.carri.acc",
  "trackingId" : "9B2CD02F-1606-4C6A-A773-220DFEFECAB5"
}