{
  "annotations" : [ ],
  "autoCompleteData" : [ ],
  "enabled" : true,
  "exampleData" : [ {
    "annotations" : [ ],
    "contributor" : null,
    "crowdJobId" : null,
    "detectedLanguage" : null,
    "developerId" : null,
    "developerTag" : null,
    "exampleEntities" : [ ],
    "sentence" : "What are NBE's customers' segmentation criteria?",
    "trackingId" : "0F46BF2D-0D12-4FAF-8955-C50B78B6B706",
    "translated" : null,
    "translatedBy" : null,
    "translatedLanguage" : null
  }, {
    "annotations" : [ ],
    "contributor" : null,
    "crowdJobId" : null,
    "detectedLanguage" : null,
    "developerId" : null,
    "developerTag" : null,
    "exampleEntities" : [ ],
    "sentence" : "What are the criteria for classifying customers at the bank?",
    "trackingId" : "4DDC5867-E8C9-42E1-8D65-323B7138E2E6",
    "translated" : null,
    "translatedBy" : null,
    "translatedLanguage" : null
  } ],
  "intentParameters" : [ ],
  "name" : "ANS.FAQs.alAhlyPlatinum.services.s.custom.segment.criteria",
  "trackingId" : "5DFEE576-D088-4A15-8EBE-EDA10456A1F7"
}