{
  "annotations" : [ ],
  "autoCompleteData" : [ ],
  "enabled" : true,
  "exampleData" : [ {
    "annotations" : [ ],
    "contributor" : null,
    "crowdJobId" : null,
    "detectedLanguage" : null,
    "developerId" : null,
    "developerTag" : null,
    "exampleEntities" : [ ],
    "sentence" : "How to qualify for Platinum status?",
    "trackingId" : "33D44A1F-534B-4D13-BAE2-DA8C5340C9C3",
    "translated" : null,
    "translatedBy" : null,
    "translatedLanguage" : null
  }, {
    "annotations" : [ ],
    "contributor" : null,
    "crowdJobId" : null,
    "detectedLanguage" : null,
    "developerId" : null,
    "developerTag" : null,
    "exampleEntities" : [ ],
    "sentence" : "How to qualify to Platinum segment?",
    "trackingId" : "BF6ABFF0-9ABC-4D2F-97D1-4BB1A0CA02B2",
    "translated" : null,
    "translatedBy" : null,
    "translatedLanguage" : null
  } ],
  "intentParameters" : [ ],
  "name" : "ANS.FAQs.alAhlyPlatinum.services.qualifi.segment",
  "trackingId" : "B8197778-0E35-4572-96AA-128694325A7B"
}