{
  "annotations" : [ ],
  "autoCompleteData" : [ ],
  "enabled" : true,
  "exampleData" : [ {
    "annotations" : [ ],
    "contributor" : null,
    "crowdJobId" : null,
    "detectedLanguage" : null,
    "developerId" : null,
    "developerTag" : null,
    "exampleEntities" : [ ],
    "sentence" : "How can I apply for a personal loan?",
    "trackingId" : "FB361A7F-4121-4CD3-8EC4-E4DBBB2BD3B7",
    "translated" : null,
    "translatedBy" : null,
    "translatedLanguage" : null
  }, {
    "annotations" : [ ],
    "contributor" : null,
    "crowdJobId" : null,
    "detectedLanguage" : null,
    "developerId" : null,
    "developerTag" : null,
    "exampleEntities" : [ ],
    "sentence" : "How can I apply for personal finance?",
    "trackingId" : "7B0AFA17-B4D6-41F4-9E46-D4F02A16EB35",
    "translated" : null,
    "translatedBy" : null,
    "translatedLanguage" : null
  } ],
  "intentParameters" : [ ],
  "name" : "ANS.FAQs.personal.loan.appli",
  "trackingId" : "241A947C-6998-47E4-BB4A-2C3FEE5821EE"
}