{
  "annotations" : [ ],
  "autoCompleteData" : [ ],
  "enabled" : true,
  "exampleData" : [ {
    "annotations" : [ ],
    "contributor" : null,
    "crowdJobId" : null,
    "detectedLanguage" : null,
    "developerId" : null,
    "developerTag" : null,
    "exampleEntities" : [ ],
    "sentence" : "Retail - What are the types of debit cards issued for retail customers?",
    "trackingId" : "EC9891F5-154E-48CD-90AC-BB53B73488F2",
    "translated" : null,
    "translatedBy" : null,
    "translatedLanguage" : null
  }, {
    "annotations" : [ ],
    "contributor" : null,
    "crowdJobId" : null,
    "detectedLanguage" : null,
    "developerId" : null,
    "developerTag" : null,
    "exampleEntities" : [ ],
    "sentence" : "Retail - What are the types of direct debit cards that are issued to individual customers?",
    "trackingId" : "CE049571-9261-450C-B3C7-BD6E09FAE748",
    "translated" : null,
    "translatedBy" : null,
    "translatedLanguage" : null
  } ],
  "intentParameters" : [ ],
  "name" : "ANS.FAQs.debit.cards.type.issu.ret.custom",
  "trackingId" : "E6D8E163-6E3D-4A33-A1F5-11BE1B40A0B3"
}