{
  "annotations" : [ ],
  "autoCompleteData" : [ ],
  "enabled" : true,
  "exampleData" : [ {
    "annotations" : [ ],
    "contributor" : null,
    "crowdJobId" : null,
    "detectedLanguage" : null,
    "developerId" : null,
    "developerTag" : null,
    "exampleEntities" : [ ],
    "sentence" : "Retail - Can fingerprint be activated on the soft token App?",
    "trackingId" : "966E4AE6-191C-41AA-87BA-C14D0213A1B2",
    "translated" : null,
    "translatedBy" : null,
    "translatedLanguage" : null
  }, {
    "annotations" : [ ],
    "contributor" : null,
    "crowdJobId" : null,
    "detectedLanguage" : null,
    "developerId" : null,
    "developerTag" : null,
    "exampleEntities" : [ ],
    "sentence" : "Retail - Is it possible to enable the use of the fingerprint ID on the application of the security codes?",
    "trackingId" : "E8D61D51-866E-4E87-91A0-BAF7E6AA534D",
    "translated" : null,
    "translatedBy" : null,
    "translatedLanguage" : null
  } ],
  "intentParameters" : [ ],
  "name" : "ANS.FAQs.alAhlyNet.nbe.mobile.ret.fingerprint.activ.soft.token.app",
  "trackingId" : "906E8ABF-57D7-40D8-95D0-065357E881AA"
}