{
  "annotations" : [ ],
  "autoCompleteData" : [ ],
  "enabled" : true,
  "exampleData" : [ {
    "annotations" : [ ],
    "contributor" : null,
    "crowdJobId" : null,
    "detectedLanguage" : null,
    "developerId" : null,
    "developerTag" : null,
    "exampleEntities" : [ ],
    "sentence" : "What is the maximum repayment period for cash financing?",
    "trackingId" : "282166E1-36A4-4881-B6C5-4FECF360FB04",
    "translated" : null,
    "translatedBy" : null,
    "translatedLanguage" : null
  }, {
    "annotations" : [ ],
    "contributor" : null,
    "crowdJobId" : null,
    "detectedLanguage" : null,
    "developerId" : null,
    "developerTag" : null,
    "exampleEntities" : [ ],
    "sentence" : "What is the maximum tenor for personal loan?",
    "trackingId" : "61BF611D-3F63-4F8A-9B92-5D764F97B892",
    "translated" : null,
    "translatedBy" : null,
    "translatedLanguage" : null
  } ],
  "intentParameters" : [ ],
  "name" : "ANS.FAQs.personal.loan.max.tenor",
  "trackingId" : "6000C2B7-C47F-4832-859C-7B06127E66DD"
}