{
  "annotations" : [ ],
  "autoCompleteData" : [ ],
  "enabled" : true,
  "exampleData" : [ {
    "annotations" : [ ],
    "contributor" : null,
    "crowdJobId" : null,
    "detectedLanguage" : null,
    "developerId" : null,
    "developerTag" : null,
    "exampleEntities" : [ ],
    "sentence" : "Are there prize drawings for the accounts?",
    "trackingId" : "51937CF4-114C-4253-8346-83377278DD7F",
    "translated" : null,
    "translatedBy" : null,
    "translatedLanguage" : null
  }, {
    "annotations" : [ ],
    "contributor" : null,
    "crowdJobId" : null,
    "detectedLanguage" : null,
    "developerId" : null,
    "developerTag" : null,
    "exampleEntities" : [ ],
    "sentence" : "Are there prize draws on accounts?",
    "trackingId" : "44F4EED6-03B4-4F93-B52F-FD36A38F8159",
    "translated" : null,
    "translatedBy" : null,
    "translatedLanguage" : null
  } ],
  "intentParameters" : [ ],
  "name" : "ANS.FAQs.acc.cert.saving.pools.prize.draw.acc",
  "trackingId" : "21DB7228-B635-4177-A174-73E77DFF64FE"
}