{
  "annotations" : [ ],
  "autoCompleteData" : [ ],
  "enabled" : true,
  "exampleData" : [ {
    "annotations" : [ ],
    "contributor" : null,
    "crowdJobId" : null,
    "detectedLanguage" : null,
    "developerId" : null,
    "developerTag" : null,
    "exampleEntities" : [ ],
    "sentence" : "Retail - How can a one-time password (OTP) be created through the hard token?",
    "trackingId" : "751822F2-1AF9-45F5-A921-EE464B52707E",
    "translated" : null,
    "translatedBy" : null,
    "translatedLanguage" : null
  }, {
    "annotations" : [ ],
    "contributor" : null,
    "crowdJobId" : null,
    "detectedLanguage" : null,
    "developerId" : null,
    "developerTag" : null,
    "exampleEntities" : [ ],
    "sentence" : "Retail - How is the OTP variable password generated through the security code device?",
    "trackingId" : "7319E2AD-B101-4F53-871B-BDDA32029DF0",
    "translated" : null,
    "translatedBy" : null,
    "translatedLanguage" : null
  } ],
  "intentParameters" : [ ],
  "name" : "ANS.FAQs.alAhlyNet.nbe.mobile.ret.on.time.password.otp.creat.hard.token",
  "trackingId" : "73171102-B21E-4565-8147-68FF697CCC9A"
}