{
  "annotations" : [ ],
  "autoCompleteData" : [ ],
  "enabled" : true,
  "exampleData" : [ {
    "annotations" : [ ],
    "contributor" : null,
    "crowdJobId" : null,
    "detectedLanguage" : null,
    "developerId" : null,
    "developerTag" : null,
    "exampleEntities" : [ ],
    "sentence" : "Can I open a pension saving account while I am still working at a company?",
    "trackingId" : "23F81A1A-84B1-4639-838E-E352AAAC57EF",
    "translated" : null,
    "translatedBy" : null,
    "translatedLanguage" : null
  }, {
    "annotations" : [ ],
    "contributor" : null,
    "crowdJobId" : null,
    "detectedLanguage" : null,
    "developerId" : null,
    "developerTag" : null,
    "exampleEntities" : [ ],
    "sentence" : "Can I open a pension savings account while I still have the strength of my company?",
    "trackingId" : "FBC6A0B9-DD29-4921-BB2C-2C1C5BFFAF34",
    "translated" : null,
    "translatedBy" : null,
    "translatedLanguage" : null
  } ],
  "intentParameters" : [ ],
  "name" : "ANS.FAQs.acc.cert.saving.pools.open.pension.acc.work.compani",
  "trackingId" : "97FA74CD-C07C-4E87-AB2C-901E99645730"
}