{
  "annotations" : [ ],
  "autoCompleteData" : [ ],
  "enabled" : true,
  "exampleData" : [ {
    "annotations" : [ ],
    "contributor" : null,
    "crowdJobId" : null,
    "detectedLanguage" : null,
    "developerId" : null,
    "developerTag" : null,
    "exampleEntities" : [ ],
    "sentence" : "How can I register for the AL-AHLY Points Program?",
    "trackingId" : "7020AA3C-2788-4E77-BC01-6CCA2FBC3E40",
    "translated" : null,
    "translatedBy" : null,
    "translatedLanguage" : null
  }, {
    "annotations" : [ ],
    "contributor" : null,
    "crowdJobId" : null,
    "detectedLanguage" : null,
    "developerId" : null,
    "developerTag" : null,
    "exampleEntities" : [ ],
    "sentence" : "How do I enroll into AL-AHLY Points reward program?",
    "trackingId" : "FBE0CB2A-C9D9-439E-A633-E64DFE014786",
    "translated" : null,
    "translatedBy" : null,
    "translatedLanguage" : null
  } ],
  "intentParameters" : [ ],
  "name" : "ANS.FAQs.alAhlyPoints.enrol.reward.program",
  "trackingId" : "3A7FFFFD-B1C3-40B9-9A7A-E2A667D37883"
}