{
  "annotations" : [ ],
  "autoCompleteData" : [ ],
  "enabled" : true,
  "exampleData" : [ {
    "annotations" : [ ],
    "contributor" : null,
    "crowdJobId" : null,
    "detectedLanguage" : null,
    "developerId" : null,
    "developerTag" : null,
    "exampleEntities" : [ ],
    "sentence" : "What are personal loan conditions and required documents?",
    "trackingId" : "6CC62B82-7F73-450C-92C4-560EC8423585",
    "translated" : null,
    "translatedBy" : null,
    "translatedLanguage" : null
  }, {
    "annotations" : [ ],
    "contributor" : null,
    "crowdJobId" : null,
    "detectedLanguage" : null,
    "developerId" : null,
    "developerTag" : null,
    "exampleEntities" : [ ],
    "sentence" : "What are the grant conditions and documents required to apply for personal finance?",
    "trackingId" : "01B43E4F-9350-4F5C-B7EC-6FE4519AB77A",
    "translated" : null,
    "translatedBy" : null,
    "translatedLanguage" : null
  } ],
  "intentParameters" : [ ],
  "name" : "ANS.FAQs.personal.loan.condit.req.document",
  "trackingId" : "2BDB7AB5-10D6-4D4C-868C-B48CB9798438"
}