{
  "annotations" : [ ],
  "autoCompleteData" : [ ],
  "enabled" : true,
  "exampleData" : [ {
    "annotations" : [ ],
    "contributor" : null,
    "crowdJobId" : null,
    "detectedLanguage" : null,
    "developerId" : null,
    "developerTag" : null,
    "exampleEntities" : [ ],
    "sentence" : "How long does it take to get the cash reward on my credit card?",
    "trackingId" : "1DE2FF09-5D87-47B7-9E53-557D70279F19",
    "translated" : null,
    "translatedBy" : null,
    "translatedLanguage" : null
  }, {
    "annotations" : [ ],
    "contributor" : null,
    "crowdJobId" : null,
    "detectedLanguage" : null,
    "developerId" : null,
    "developerTag" : null,
    "exampleEntities" : [ ],
    "sentence" : "How long does it take to redeem the Cash Reward on the credit card?",
    "trackingId" : "1AA667E3-CCC7-4FAE-8320-E57772E2C614",
    "translated" : null,
    "translatedBy" : null,
    "translatedLanguage" : null
  } ],
  "intentParameters" : [ ],
  "name" : "ANS.FAQs.alAhlyPoints.long.cash.reward.credit.card",
  "trackingId" : "EF91F383-1228-4F61-BF58-E1A986F604FF"
}