{
  "annotations" : [ ],
  "autoCompleteData" : [ ],
  "enabled" : true,
  "exampleData" : [ {
    "annotations" : [ ],
    "contributor" : null,
    "crowdJobId" : null,
    "detectedLanguage" : null,
    "developerId" : null,
    "developerTag" : null,
    "exampleEntities" : [ ],
    "sentence" : "Corp - How can a one-time password (OTP) be created through the hard taken?",
    "trackingId" : "62907D09-FBD1-4DEE-9DB3-D9B4E11B11BA",
    "translated" : null,
    "translatedBy" : null,
    "translatedLanguage" : null
  }, {
    "annotations" : [ ],
    "contributor" : null,
    "crowdJobId" : null,
    "detectedLanguage" : null,
    "developerId" : null,
    "developerTag" : null,
    "exampleEntities" : [ ],
    "sentence" : "Corp - How is the OTP variable password generated through the security code device?",
    "trackingId" : "F6328A76-B1BD-409E-ADF1-A060E7F69516",
    "translated" : null,
    "translatedBy" : null,
    "translatedLanguage" : null
  } ],
  "intentParameters" : [ ],
  "name" : "ANS.FAQs.alAhlyNet.nbe.mobile.corp.on.time.password.otp.creat.hard.taken",
  "trackingId" : "1C3EFB51-A036-4981-874E-0C18478BE7DE"
}