{
  "annotations" : [ ],
  "autoCompleteData" : [ ],
  "enabled" : true,
  "exampleData" : [ {
    "annotations" : [ ],
    "contributor" : null,
    "crowdJobId" : null,
    "detectedLanguage" : null,
    "developerId" : null,
    "developerTag" : null,
    "exampleEntities" : [ ],
    "sentence" : "Can a prepaid card be issued for foreigners?",
    "trackingId" : "DB0AE84F-40DB-4ABF-AFE8-3A49C5CD3CA4",
    "translated" : null,
    "translatedBy" : null,
    "translatedLanguage" : null
  }, {
    "annotations" : [ ],
    "contributor" : null,
    "crowdJobId" : null,
    "detectedLanguage" : null,
    "developerId" : null,
    "developerTag" : null,
    "exampleEntities" : [ ],
    "sentence" : "Can a prepaid card be issued to foreigners?",
    "trackingId" : "97206E25-D83B-4288-857E-DA1E0852F28D",
    "translated" : null,
    "translatedBy" : null,
    "translatedLanguage" : null
  } ],
  "intentParameters" : [ ],
  "name" : "ANS.FAQs.prepaid.cards.card.issu.foreign",
  "trackingId" : "4E6DB92E-3E97-47AA-AA9D-EF721DCBC4BC"
}