{
  "annotations" : [ ],
  "autoCompleteData" : [ ],
  "enabled" : true,
  "exampleData" : [ {
    "annotations" : [ ],
    "contributor" : null,
    "crowdJobId" : null,
    "detectedLanguage" : null,
    "developerId" : null,
    "developerTag" : null,
    "exampleEntities" : [ ],
    "sentence" : "Retail - Can the hard token services be used via Al Ahly Net/NBE Mobile?",
    "trackingId" : "A8AC9E72-838E-449A-AC9B-0A241B27C02A",
    "translated" : null,
    "translatedBy" : null,
    "translatedLanguage" : null
  }, {
    "annotations" : [ ],
    "contributor" : null,
    "crowdJobId" : null,
    "detectedLanguage" : null,
    "developerId" : null,
    "developerTag" : null,
    "exampleEntities" : [ ],
    "sentence" : "Retail - Is it possible to use the services of the security code device through Al-Ahly Net / Al-Ahly Mobile?",
    "trackingId" : "684E5D24-140B-4307-9013-FB06116BDBD6",
    "translated" : null,
    "translatedBy" : null,
    "translatedLanguage" : null
  } ],
  "intentParameters" : [ ],
  "name" : "ANS.FAQs.alAhlyNet.nbe.mobile.ret.hard.token.us",
  "trackingId" : "07C86886-DEBE-4529-A301-49993EEC56C7"
}