{
  "annotations" : [ ],
  "autoCompleteData" : [ ],
  "enabled" : true,
  "exampleData" : [ {
    "annotations" : [ ],
    "contributor" : null,
    "crowdJobId" : null,
    "detectedLanguage" : null,
    "developerId" : null,
    "developerTag" : null,
    "exampleEntities" : [ ],
    "sentence" : "Retail - Can I open an account through Al-Ahly Net and Mobile Banking?",
    "trackingId" : "CA2CE3DD-AFD9-4FAF-87BE-2AA3C3987D3E",
    "translated" : null,
    "translatedBy" : null,
    "translatedLanguage" : null
  }, {
    "annotations" : [ ],
    "contributor" : null,
    "crowdJobId" : null,
    "detectedLanguage" : null,
    "developerId" : null,
    "developerTag" : null,
    "exampleEntities" : [ ],
    "sentence" : "Retail - Can I open an account via Al Ahly Net/NBE Mobile?",
    "trackingId" : "CD589BC0-962D-40F4-8AB5-F45C4FFDD023",
    "translated" : null,
    "translatedBy" : null,
    "translatedLanguage" : null
  } ],
  "intentParameters" : [ ],
  "name" : "ANS.FAQs.alAhlyNet.nbe.mobile.ret.open.acc",
  "trackingId" : "F255F68B-1F34-4CEE-8422-041429EEF45D"
}