{
  "annotations" : [ ],
  "autoCompleteData" : [ ],
  "enabled" : true,
  "exampleData" : [ {
    "annotations" : [ ],
    "contributor" : null,
    "crowdJobId" : null,
    "detectedLanguage" : null,
    "developerId" : null,
    "developerTag" : null,
    "exampleEntities" : [ ],
    "sentence" : "Can a credit card be paid with a direct debit card?",
    "trackingId" : "F7A3D63A-0B15-401E-B924-B7368B22139F",
    "translated" : null,
    "translatedBy" : null,
    "translatedLanguage" : null
  }, {
    "annotations" : [ ],
    "contributor" : null,
    "crowdJobId" : null,
    "detectedLanguage" : null,
    "developerId" : null,
    "developerTag" : null,
    "exampleEntities" : [ ],
    "sentence" : "Can credit card payments be made through debit cards?",
    "trackingId" : "D4FA86C0-92B2-4207-9A15-E56C47AB33E1",
    "translated" : null,
    "translatedBy" : null,
    "translatedLanguage" : null
  } ],
  "intentParameters" : [ ],
  "name" : "ANS.FAQs.debit.cards.credit.card.payment.made",
  "trackingId" : "8AB52027-659B-42FB-ABFE-EA0B1EBB0B31"
}