{
  "annotations" : [ ],
  "autoCompleteData" : [ ],
  "enabled" : true,
  "exampleData" : [ {
    "annotations" : [ ],
    "contributor" : null,
    "crowdJobId" : null,
    "detectedLanguage" : null,
    "developerId" : null,
    "developerTag" : null,
    "exampleEntities" : [ ],
    "sentence" : "Retail - Is Hard Token service available to both retail and corporate customers?",
    "trackingId" : "6E9291C7-D44A-4C34-BB48-4B4E3BA16425",
    "translated" : null,
    "translatedBy" : null,
    "translatedLanguage" : null
  }, {
    "annotations" : [ ],
    "contributor" : null,
    "crowdJobId" : null,
    "detectedLanguage" : null,
    "developerId" : null,
    "developerTag" : null,
    "exampleEntities" : [ ],
    "sentence" : "Retail - Is the security token service available to individuals and companies?",
    "trackingId" : "B28DBDF9-DD30-4736-9DA1-3882257422AC",
    "translated" : null,
    "translatedBy" : null,
    "translatedLanguage" : null
  } ],
  "intentParameters" : [ ],
  "name" : "ANS.FAQs.alAhlyNet.nbe.mobile.ret.hard.token.avail.ret.corp.custom",
  "trackingId" : "373B82D4-3202-4332-8ABF-B3180BADD40B"
}