{
  "annotations" : [ ],
  "autoCompleteData" : [ ],
  "enabled" : true,
  "exampleData" : [ {
    "annotations" : [ ],
    "contributor" : null,
    "crowdJobId" : null,
    "detectedLanguage" : null,
    "developerId" : null,
    "developerTag" : null,
    "exampleEntities" : [ ],
    "sentence" : "How to qualify for Platinum Elite?",
    "trackingId" : "488C0524-81F2-413D-AFF4-29A3DF8E401A",
    "translated" : null,
    "translatedBy" : null,
    "translatedLanguage" : null
  }, {
    "annotations" : [ ],
    "contributor" : null,
    "crowdJobId" : null,
    "detectedLanguage" : null,
    "developerId" : null,
    "developerTag" : null,
    "exampleEntities" : [ ],
    "sentence" : "How to qualify to Platinum Elite?",
    "trackingId" : "22596700-F683-4A2F-A8F3-CFDF74AB8AC8",
    "translated" : null,
    "translatedBy" : null,
    "translatedLanguage" : null
  } ],
  "intentParameters" : [ ],
  "name" : "ANS.FAQs.alAhlyPlatinum.services.qualifi.elit",
  "trackingId" : "5096D343-982D-45D7-848F-3483ECF46273"
}