{
  "annotations" : [ ],
  "autoCompleteData" : [ ],
  "enabled" : true,
  "exampleData" : [ {
    "annotations" : [ ],
    "contributor" : null,
    "crowdJobId" : null,
    "detectedLanguage" : null,
    "developerId" : null,
    "developerTag" : null,
    "exampleEntities" : [ ],
    "sentence" : "Can a debit card be used for government payments?",
    "trackingId" : "11B079D2-2073-41BC-AF23-57C3B6177A01",
    "translated" : null,
    "translatedBy" : null,
    "translatedLanguage" : null
  }, {
    "annotations" : [ ],
    "contributor" : null,
    "crowdJobId" : null,
    "detectedLanguage" : null,
    "developerId" : null,
    "developerTag" : null,
    "exampleEntities" : [ ],
    "sentence" : "Can debit cards be used for government payments?",
    "trackingId" : "9D5D8936-225B-4E99-8958-2C414BFBF7F7",
    "translated" : null,
    "translatedBy" : null,
    "translatedLanguage" : null
  } ],
  "intentParameters" : [ ],
  "name" : "ANS.FAQs.debit.cards.us.govern.payment",
  "trackingId" : "774F7A26-2ED4-4411-B474-9054BC8FC2F4"
}