{
  "annotations" : [ ],
  "autoCompleteData" : [ ],
  "enabled" : true,
  "exampleData" : [ {
    "annotations" : [ ],
    "contributor" : null,
    "crowdJobId" : null,
    "detectedLanguage" : null,
    "developerId" : null,
    "developerTag" : null,
    "exampleEntities" : [ ],
    "sentence" : "Corp - Can I send money to an e-wallet with another bank?",
    "trackingId" : "4C6151E9-7183-48C4-8431-DA40490FCB90",
    "translated" : null,
    "translatedBy" : null,
    "translatedLanguage" : null
  }, {
    "annotations" : [ ],
    "contributor" : null,
    "crowdJobId" : null,
    "detectedLanguage" : null,
    "developerId" : null,
    "developerTag" : null,
    "exampleEntities" : [ ],
    "sentence" : "Corp - Can I transfer to an electronic wallet in another bank?",
    "trackingId" : "CC3AF5D3-BA7F-4025-9CF7-C3A1CAD84A2F",
    "translated" : null,
    "translatedBy" : null,
    "translatedLanguage" : null
  } ],
  "intentParameters" : [ ],
  "name" : "ANS.FAQs.alAhlyNet.nbe.mobile.corp.send.monei.e.wallet.bank",
  "trackingId" : "D3A87B55-4454-4397-B708-2006AC961D0C"
}