{
  "annotations" : [ ],
  "autoCompleteData" : [ ],
  "enabled" : true,
  "exampleData" : [ {
    "annotations" : [ ],
    "contributor" : null,
    "crowdJobId" : null,
    "detectedLanguage" : null,
    "developerId" : null,
    "developerTag" : null,
    "exampleEntities" : [ ],
    "sentence" : "How can I get a residential unit through the Mortgage Finance initiative?",
    "trackingId" : "1295EDA0-73E9-47FF-84D2-FBA557266BC6",
    "translated" : null,
    "translatedBy" : null,
    "translatedLanguage" : null
  }, {
    "annotations" : [ ],
    "contributor" : null,
    "crowdJobId" : null,
    "detectedLanguage" : null,
    "developerId" : null,
    "developerTag" : null,
    "exampleEntities" : [ ],
    "sentence" : "How can I obtain a housing unit in the real estate financing initiative?",
    "trackingId" : "C8252A24-08C8-4551-A072-45A66F3EB734",
    "translated" : null,
    "translatedBy" : null,
    "translatedLanguage" : null
  } ],
  "intentParameters" : [ ],
  "name" : "ANS.FAQs.mortgage.finance.residenti.unit.initi",
  "trackingId" : "199A08C1-B202-4327-B67B-A4823AAF78E4"
}