{
  "annotations" : [ ],
  "autoCompleteData" : [ ],
  "enabled" : true,
  "exampleData" : [ {
    "annotations" : [ ],
    "contributor" : null,
    "crowdJobId" : null,
    "detectedLanguage" : null,
    "developerId" : null,
    "developerTag" : null,
    "exampleEntities" : [ ],
    "sentence" : "Corp - Can I view all kinds of deposits and certificates in different currencies?",
    "trackingId" : "5D7A4684-C611-4C8F-82CD-E44D8F081BE1",
    "translated" : null,
    "translatedBy" : null,
    "translatedLanguage" : null
  }, {
    "annotations" : [ ],
    "contributor" : null,
    "crowdJobId" : null,
    "detectedLanguage" : null,
    "developerId" : null,
    "developerTag" : null,
    "exampleEntities" : [ ],
    "sentence" : "Corp - Can all types of deposits/certificates in different currencies be viewed?",
    "trackingId" : "2087F094-61B6-459A-A48C-53BB7CF170BD",
    "translated" : null,
    "translatedBy" : null,
    "translatedLanguage" : null
  } ],
  "intentParameters" : [ ],
  "name" : "ANS.FAQs.alAhlyNet.nbe.mobile.corp.type.deposit.cert.differ.currenc.view",
  "trackingId" : "B516147B-45D2-4463-A5A8-99AE0738F0F2"
}