{
  "annotations" : [ ],
  "autoCompleteData" : [ ],
  "enabled" : true,
  "exampleData" : [ {
    "annotations" : [ ],
    "contributor" : null,
    "crowdJobId" : null,
    "detectedLanguage" : null,
    "developerId" : null,
    "developerTag" : null,
    "exampleEntities" : [ ],
    "sentence" : "Can a cheque book be issued?",
    "trackingId" : "A66EA120-FFC6-40E3-AD6C-A324D6BD6D33",
    "translated" : null,
    "translatedBy" : null,
    "translatedLanguage" : null
  }, {
    "annotations" : [ ],
    "contributor" : null,
    "crowdJobId" : null,
    "detectedLanguage" : null,
    "developerId" : null,
    "developerTag" : null,
    "exampleEntities" : [ ],
    "sentence" : "Is a check book issued?",
    "trackingId" : "620DF18B-9848-4CF6-B435-8BF11BADD8DE",
    "translated" : null,
    "translatedBy" : null,
    "translatedLanguage" : null
  } ],
  "intentParameters" : [ ],
  "name" : "ANS.FAQs.al.ahly.payroll.card.program.chequ.book.issu",
  "trackingId" : "8337D8D4-A1E6-486B-BD5F-35F72932E28A"
}