{
  "annotations" : [ ],
  "autoCompleteData" : [ ],
  "enabled" : true,
  "exampleData" : [ {
    "annotations" : [ ],
    "contributor" : null,
    "crowdJobId" : null,
    "detectedLanguage" : null,
    "developerId" : null,
    "developerTag" : null,
    "exampleEntities" : [ ],
    "sentence" : "Corp - What is the card maximum credit limit?",
    "trackingId" : "997228DB-B389-4E6A-92C1-B7F09494F2E1",
    "translated" : null,
    "translatedBy" : null,
    "translatedLanguage" : null
  }, {
    "annotations" : [ ],
    "contributor" : null,
    "crowdJobId" : null,
    "detectedLanguage" : null,
    "developerId" : null,
    "developerTag" : null,
    "exampleEntities" : [ ],
    "sentence" : "Corp - What is the maximum credit limit for the card?",
    "trackingId" : "022D02FB-029E-479F-8548-5543D003C909",
    "translated" : null,
    "translatedBy" : null,
    "translatedLanguage" : null
  } ],
  "intentParameters" : [ ],
  "name" : "ANS.FAQs.corp.credit.cards.card.max.limit",
  "trackingId" : "80409BE8-5AEE-42AC-865D-0835EC50FA12"
}