{
  "annotations" : [ ],
  "autoCompleteData" : [ ],
  "enabled" : true,
  "exampleData" : [ {
    "annotations" : [ ],
    "contributor" : null,
    "crowdJobId" : null,
    "detectedLanguage" : null,
    "developerId" : null,
    "developerTag" : null,
    "exampleEntities" : [ ],
    "sentence" : "Retail - Can I view the credit cards of the National Bank of Egypt through Al-Ahly Net?",
    "trackingId" : "9F5D8547-2EE0-41A4-880A-54CAA11ADADF",
    "translated" : null,
    "translatedBy" : null,
    "translatedLanguage" : null
  }, {
    "annotations" : [ ],
    "contributor" : null,
    "crowdJobId" : null,
    "detectedLanguage" : null,
    "developerId" : null,
    "developerTag" : null,
    "exampleEntities" : [ ],
    "sentence" : "Retail - Can I view the details of NBE credit cards via Al Ahly Net?",
    "trackingId" : "EBE44D0A-4835-4883-A7F8-B0D572D48D83",
    "translated" : null,
    "translatedBy" : null,
    "translatedLanguage" : null
  } ],
  "intentParameters" : [ ],
  "name" : "ANS.FAQs.alAhlyNet.nbe.mobile.ret.view.detail.credit.card",
  "trackingId" : "1879DC4C-2941-4F40-A81E-87DE6890DBBE"
}