{
  "annotations" : [ ],
  "autoCompleteData" : [ ],
  "enabled" : true,
  "exampleData" : [ {
    "annotations" : [ ],
    "contributor" : null,
    "crowdJobId" : null,
    "detectedLanguage" : null,
    "developerId" : null,
    "developerTag" : null,
    "exampleEntities" : [ ],
    "sentence" : "Retail - I do not have a mutual fund account, how can an account be created?",
    "trackingId" : "7D891D8D-6FAC-4BB9-B86F-8EB3C19EFFA2",
    "translated" : null,
    "translatedBy" : null,
    "translatedLanguage" : null
  }, {
    "annotations" : [ ],
    "contributor" : null,
    "crowdJobId" : null,
    "detectedLanguage" : null,
    "developerId" : null,
    "developerTag" : null,
    "exampleEntities" : [ ],
    "sentence" : "Retail - I do not have an investment funds account, how can I create an account?",
    "trackingId" : "D7DCCFE8-74C5-4589-BBC5-37605174121B",
    "translated" : null,
    "translatedBy" : null,
    "translatedLanguage" : null
  } ],
  "intentParameters" : [ ],
  "name" : "ANS.FAQs.alAhlyNet.nbe.mobile.ret.not.mutual.fund.acc.account.creat",
  "trackingId" : "B09F08DA-2C32-420E-B50E-E8433E7CC776"
}