{
  "annotations" : [ ],
  "autoCompleteData" : [ ],
  "enabled" : true,
  "exampleData" : [ {
    "annotations" : [ ],
    "contributor" : null,
    "crowdJobId" : null,
    "detectedLanguage" : null,
    "developerId" : null,
    "developerTag" : null,
    "exampleEntities" : [ ],
    "sentence" : "Corp - Can financial transactions be carried out by both a maker and a checker?",
    "trackingId" : "BEEE272D-862A-4F9F-A20E-9F15EB5EF95B",
    "translated" : null,
    "translatedBy" : null,
    "translatedLanguage" : null
  }, {
    "annotations" : [ ],
    "contributor" : null,
    "crowdJobId" : null,
    "detectedLanguage" : null,
    "developerId" : null,
    "developerTag" : null,
    "exampleEntities" : [ ],
    "sentence" : "Corp - Is it possible to carry out financial transactions through a preparer and reviewer?",
    "trackingId" : "FDBE2806-563A-4B59-A04C-D6E8318EB0E2",
    "translated" : null,
    "translatedBy" : null,
    "translatedLanguage" : null
  } ],
  "intentParameters" : [ ],
  "name" : "ANS.FAQs.alAhlyNet.nbe.mobile.corp.financi.transact.carri.maker.checker",
  "trackingId" : "EAF2B9EE-C41E-442B-985E-BF53F0D9A547"
}