{
  "annotations" : [ ],
  "autoCompleteData" : [ ],
  "enabled" : true,
  "exampleData" : [ {
    "annotations" : [ ],
    "contributor" : null,
    "crowdJobId" : null,
    "detectedLanguage" : null,
    "developerId" : null,
    "developerTag" : null,
    "exampleEntities" : [ ],
    "sentence" : "How are points redeemed for mobile phone recharge?",
    "trackingId" : "6F8F5077-B2E6-4966-B0C7-3582412E6422",
    "translated" : null,
    "translatedBy" : null,
    "translatedLanguage" : null
  }, {
    "annotations" : [ ],
    "contributor" : null,
    "crowdJobId" : null,
    "detectedLanguage" : null,
    "developerId" : null,
    "developerTag" : null,
    "exampleEntities" : [ ],
    "sentence" : "How can I redeem my AL-AHLY Points to Mobile top up?",
    "trackingId" : "E625AAB8-C22F-4D2F-B43B-64D0A008AA49",
    "translated" : null,
    "translatedBy" : null,
    "translatedLanguage" : null
  } ],
  "intentParameters" : [ ],
  "name" : "ANS.FAQs.alAhlyPoints.redeem.mobil.top",
  "trackingId" : "734B0CCA-F649-40FC-A16C-FBBB0631FBE2"
}