{
  "annotations" : [ ],
  "autoCompleteData" : [ ],
  "enabled" : true,
  "exampleData" : [ {
    "annotations" : [ ],
    "contributor" : null,
    "crowdJobId" : null,
    "detectedLanguage" : null,
    "developerId" : null,
    "developerTag" : null,
    "exampleEntities" : [ ],
    "sentence" : "Corp - Can I set up installment payments directly with the merchant?",
    "trackingId" : "5A0F4039-CEFF-4A43-9524-519DE4E36A04",
    "translated" : null,
    "translatedBy" : null,
    "translatedLanguage" : null
  }, {
    "annotations" : [ ],
    "contributor" : null,
    "crowdJobId" : null,
    "detectedLanguage" : null,
    "developerId" : null,
    "developerTag" : null,
    "exampleEntities" : [ ],
    "sentence" : "Corp - Is it possible to pay installments through the merchant directly?",
    "trackingId" : "DD8CB429-31A2-4BBE-956D-DFBCDB827613",
    "translated" : null,
    "translatedBy" : null,
    "translatedLanguage" : null
  } ],
  "intentParameters" : [ ],
  "name" : "ANS.FAQs.corp.credit.cards.set.instal.payment.directli.merchant",
  "trackingId" : "B9E717F3-8FC7-49F8-9E45-5E92A6812A9F"
}