{
  "annotations" : [ ],
  "autoCompleteData" : [ ],
  "enabled" : true,
  "exampleData" : [ {
    "annotations" : [ ],
    "contributor" : null,
    "crowdJobId" : null,
    "detectedLanguage" : null,
    "developerId" : null,
    "developerTag" : null,
    "exampleEntities" : [ ],
    "sentence" : "How are electronic vouchers used by merchants?",
    "trackingId" : "B8E960E4-F639-41A1-A4E3-074B3655DC05",
    "translated" : null,
    "translatedBy" : null,
    "translatedLanguage" : null
  }, {
    "annotations" : [ ],
    "contributor" : null,
    "crowdJobId" : null,
    "detectedLanguage" : null,
    "developerId" : null,
    "developerTag" : null,
    "exampleEntities" : [ ],
    "sentence" : "How can I use my e-voucher at the merchants?",
    "trackingId" : "C6630CAA-C642-4D37-87F3-DBADCFFDD816",
    "translated" : null,
    "translatedBy" : null,
    "translatedLanguage" : null
  } ],
  "intentParameters" : [ ],
  "name" : "ANS.FAQs.alAhlyPoints.us.e.voucher.merchant",
  "trackingId" : "D23B0D6E-68F7-40D8-A693-0E7BDCABCFBA"
}