{
  "annotations" : [ ],
  "autoCompleteData" : [ ],
  "enabled" : true,
  "exampleData" : [ {
    "annotations" : [ ],
    "contributor" : null,
    "crowdJobId" : null,
    "detectedLanguage" : null,
    "developerId" : null,
    "developerTag" : null,
    "exampleEntities" : [ ],
    "sentence" : "Corp - Can I set a basic account to conduct financial transactions from it?",
    "trackingId" : "9AF845C0-9738-4E2E-B8AD-34A62FB7BE64",
    "translated" : null,
    "translatedBy" : null,
    "translatedLanguage" : null
  }, {
    "annotations" : [ ],
    "contributor" : null,
    "crowdJobId" : null,
    "detectedLanguage" : null,
    "developerId" : null,
    "developerTag" : null,
    "exampleEntities" : [ ],
    "sentence" : "Corp - Can a primary account be selected for carrying out financial transaction?",
    "trackingId" : "D9AE9B25-E69E-4188-A7B6-0F1C372283F9",
    "translated" : null,
    "translatedBy" : null,
    "translatedLanguage" : null
  } ],
  "intentParameters" : [ ],
  "name" : "ANS.FAQs.alAhlyNet.nbe.mobile.corp.primari.acc.select.carri.financi.transact",
  "trackingId" : "E5B072F5-2A8B-4F19-80AE-BA4DBFA48D98"
}