{
  "annotations" : [ ],
  "autoCompleteData" : [ ],
  "enabled" : true,
  "exampleData" : [ {
    "annotations" : [ ],
    "contributor" : null,
    "crowdJobId" : null,
    "detectedLanguage" : null,
    "developerId" : null,
    "developerTag" : null,
    "exampleEntities" : [ ],
    "sentence" : "Corp - I do not have a mutual fund account, how can an account be created?",
    "trackingId" : "F9306C8A-FE18-404E-9609-0177E390E607",
    "translated" : null,
    "translatedBy" : null,
    "translatedLanguage" : null
  }, {
    "annotations" : [ ],
    "contributor" : null,
    "crowdJobId" : null,
    "detectedLanguage" : null,
    "developerId" : null,
    "developerTag" : null,
    "exampleEntities" : [ ],
    "sentence" : "Corp - I do not have an investment funds account, how can I create an account?",
    "trackingId" : "404318F0-0AAC-45D1-99F3-5BDD7E7BE302",
    "translated" : null,
    "translatedBy" : null,
    "translatedLanguage" : null
  } ],
  "intentParameters" : [ ],
  "name" : "ANS.FAQs.alAhlyNet.nbe.mobile.corp.not.mutual.fund.acc.account.creat",
  "trackingId" : "381558CD-6666-438D-BF79-FB80C3F5B2D6"
}