{
  "annotations" : [ ],
  "autoCompleteData" : [ ],
  "enabled" : true,
  "exampleData" : [ {
    "annotations" : [ ],
    "contributor" : null,
    "crowdJobId" : null,
    "detectedLanguage" : null,
    "developerId" : null,
    "developerTag" : null,
    "exampleEntities" : [ ],
    "sentence" : "What are the durations of certificates in foreign currency available at the National Bank of Egypt??",
    "trackingId" : "B2C5B045-0A12-43B4-B60D-3FDCB73711D8",
    "translated" : null,
    "translatedBy" : null,
    "translatedLanguage" : null
  }, {
    "annotations" : [ ],
    "contributor" : null,
    "crowdJobId" : null,
    "detectedLanguage" : null,
    "developerId" : null,
    "developerTag" : null,
    "exampleEntities" : [ ],
    "sentence" : "What are the terms of the foreign currency certificates issued by NBE?",
    "trackingId" : "59D2F63E-E978-46D5-A5D1-88075C61501B",
    "translated" : null,
    "translatedBy" : null,
    "translatedLanguage" : null
  } ],
  "intentParameters" : [ ],
  "name" : "ANS.FAQs.acc.cert.saving.pools.term.foreign.currenc.cert.issu",
  "trackingId" : "9B6602D9-804C-479F-98B2-B9AC1DF82C25"
}