{
  "annotations" : [ ],
  "autoCompleteData" : [ ],
  "enabled" : true,
  "exampleData" : [ {
    "annotations" : [ ],
    "contributor" : null,
    "crowdJobId" : null,
    "detectedLanguage" : null,
    "developerId" : null,
    "developerTag" : null,
    "exampleEntities" : [ ],
    "sentence" : "Retail - How can I get a password to use Al Ahly Net & NBE Mobile?",
    "trackingId" : "52A1921D-C506-4DBC-9A56-ACB464B7EB0D",
    "translated" : null,
    "translatedBy" : null,
    "translatedLanguage" : null
  }, {
    "annotations" : [ ],
    "contributor" : null,
    "crowdJobId" : null,
    "detectedLanguage" : null,
    "developerId" : null,
    "developerTag" : null,
    "exampleEntities" : [ ],
    "sentence" : "Retail - How can I get the password for Al-Ahly Net / Al-Ahly Mobile service?",
    "trackingId" : "FCCF82DF-AA8E-4799-987D-AD319626EDA0",
    "translated" : null,
    "translatedBy" : null,
    "translatedLanguage" : null
  } ],
  "intentParameters" : [ ],
  "name" : "ANS.FAQs.alAhlyNet.nbe.mobile.ret.password.us",
  "trackingId" : "F0EC8BDE-9FC6-4F1F-9EC5-E0E890F6FCEF"
}