{
  "annotations" : [ ],
  "autoCompleteData" : [ ],
  "enabled" : true,
  "exampleData" : [ {
    "annotations" : [ ],
    "contributor" : null,
    "crowdJobId" : null,
    "detectedLanguage" : null,
    "developerId" : null,
    "developerTag" : null,
    "exampleEntities" : [ ],
    "sentence" : "What are the Cash Reward denomination?",
    "trackingId" : "411B6101-269C-43C2-ABC0-F200030C55FD",
    "translated" : null,
    "translatedBy" : null,
    "translatedLanguage" : null
  }, {
    "annotations" : [ ],
    "contributor" : null,
    "crowdJobId" : null,
    "detectedLanguage" : null,
    "developerId" : null,
    "developerTag" : null,
    "exampleEntities" : [ ],
    "sentence" : "What are the values of Cash Rewards that can be redeemed?",
    "trackingId" : "6881883F-A21E-4522-99A5-11D8612B66FE",
    "translated" : null,
    "translatedBy" : null,
    "translatedLanguage" : null
  } ],
  "intentParameters" : [ ],
  "name" : "ANS.FAQs.alAhlyPoints.cash.reward.denomin",
  "trackingId" : "CC31E5F9-5AFE-4FE2-BED2-BFCF8D6F82FD"
}