{
  "annotations" : [ ],
  "autoCompleteData" : [ ],
  "enabled" : true,
  "exampleData" : [ {
    "annotations" : [ ],
    "contributor" : null,
    "crowdJobId" : null,
    "detectedLanguage" : null,
    "developerId" : null,
    "developerTag" : null,
    "exampleEntities" : [ ],
    "sentence" : "Retail - Can debit and credit transactions be viewed separately?",
    "trackingId" : "DFC130CB-0794-4D82-88EE-63D9D2AA49A2",
    "translated" : null,
    "translatedBy" : null,
    "translatedLanguage" : null
  }, {
    "annotations" : [ ],
    "contributor" : null,
    "crowdJobId" : null,
    "detectedLanguage" : null,
    "developerId" : null,
    "developerTag" : null,
    "exampleEntities" : [ ],
    "sentence" : "Retail - Is it possible to view account activity for debit transactions only or only for credit transactions?",
    "trackingId" : "3DC5B235-12F9-4352-BD96-2F8AD1D0A402",
    "translated" : null,
    "translatedBy" : null,
    "translatedLanguage" : null
  } ],
  "intentParameters" : [ ],
  "name" : "ANS.FAQs.alAhlyNet.nbe.mobile.ret.debit.credit.transact.view.separ",
  "trackingId" : "932ACA90-FA43-41AF-9DAE-B2FC942360BB"
}