{
  "annotations" : [ ],
  "autoCompleteData" : [ ],
  "enabled" : true,
  "exampleData" : [ {
    "annotations" : [ ],
    "contributor" : null,
    "crowdJobId" : null,
    "detectedLanguage" : null,
    "developerId" : null,
    "developerTag" : null,
    "exampleEntities" : [ ],
    "sentence" : "Retail - What is the primary account assigned upon opening an investment account?",
    "trackingId" : "028D19BD-DB96-4DA2-8AE6-87A6BA6C7124",
    "translated" : null,
    "translatedBy" : null,
    "translatedLanguage" : null
  }, {
    "annotations" : [ ],
    "contributor" : null,
    "crowdJobId" : null,
    "detectedLanguage" : null,
    "developerId" : null,
    "developerTag" : null,
    "exampleEntities" : [ ],
    "sentence" : "Retail - What is the primary account that is designated when opening the investment account?",
    "trackingId" : "DD570BEA-7D65-4D68-B3A7-20B066BEB3EC",
    "translated" : null,
    "translatedBy" : null,
    "translatedLanguage" : null
  } ],
  "intentParameters" : [ ],
  "name" : "ANS.FAQs.alAhlyNet.nbe.mobile.ret.primari.acc.assign.upon.open.invest.account",
  "trackingId" : "1AEFA001-E72A-4775-915C-9242F0A18CE8"
}