{
  "annotations" : [ ],
  "autoCompleteData" : [ ],
  "enabled" : true,
  "exampleData" : [ {
    "annotations" : [ ],
    "contributor" : null,
    "crowdJobId" : null,
    "detectedLanguage" : null,
    "developerId" : null,
    "developerTag" : null,
    "exampleEntities" : [ ],
    "sentence" : "Can a cheque book be issued?",
    "trackingId" : "F4CF02EC-BDC0-4619-83C9-66F7A7B8FD36",
    "translated" : null,
    "translatedBy" : null,
    "translatedLanguage" : null
  }, {
    "annotations" : [ ],
    "contributor" : null,
    "crowdJobId" : null,
    "detectedLanguage" : null,
    "developerId" : null,
    "developerTag" : null,
    "exampleEntities" : [ ],
    "sentence" : "Is a check book issued?",
    "trackingId" : "2E746B19-E500-491D-907A-3C082C3438CA",
    "translated" : null,
    "translatedBy" : null,
    "translatedLanguage" : null
  } ],
  "intentParameters" : [ ],
  "name" : "ANS.FAQs.al.ahly.payroll.current.acc.program.chequ.book.issu",
  "trackingId" : "B50B0DC3-23B9-47B3-8758-ACE7E2AE6482"
}