{
  "annotations" : [ ],
  "autoCompleteData" : [ ],
  "enabled" : true,
  "exampleData" : [ {
    "annotations" : [ ],
    "contributor" : null,
    "crowdJobId" : null,
    "detectedLanguage" : null,
    "developerId" : null,
    "developerTag" : null,
    "exampleEntities" : [ ],
    "sentence" : "Corp - What are the services available via Al Ahly Net/ NBE Mobile?",
    "trackingId" : "36F6B104-C8C4-44D1-BFAE-BD049D421A36",
    "translated" : null,
    "translatedBy" : null,
    "translatedLanguage" : null
  }, {
    "annotations" : [ ],
    "contributor" : null,
    "crowdJobId" : null,
    "detectedLanguage" : null,
    "developerId" : null,
    "developerTag" : null,
    "exampleEntities" : [ ],
    "sentence" : "Corp - What services are available through Al-Ahly Net and Al-Ahly Mobile?",
    "trackingId" : "468C7191-15D4-4184-8695-2DBF1455EE07",
    "translated" : null,
    "translatedBy" : null,
    "translatedLanguage" : null
  } ],
  "intentParameters" : [ ],
  "name" : "ANS.FAQs.alAhlyNet.nbe.mobile.corp.avail",
  "trackingId" : "CE35E83A-832F-4F20-A852-0D9740F6484B"
}