{
  "annotations" : [ ],
  "autoCompleteData" : [ ],
  "enabled" : true,
  "exampleData" : [ {
    "annotations" : [ ],
    "contributor" : null,
    "crowdJobId" : null,
    "detectedLanguage" : null,
    "developerId" : null,
    "developerTag" : null,
    "exampleEntities" : [ ],
    "sentence" : "Corp - How can the card be received after issuance?",
    "trackingId" : "7C9819B8-2C64-4C97-8C0D-6CBA8915E806",
    "translated" : null,
    "translatedBy" : null,
    "translatedLanguage" : null
  }, {
    "annotations" : [ ],
    "contributor" : null,
    "crowdJobId" : null,
    "detectedLanguage" : null,
    "developerId" : null,
    "developerTag" : null,
    "exampleEntities" : [ ],
    "sentence" : "Corp - What are the ways to receive the card after issuance?",
    "trackingId" : "76EC91CF-B868-458C-9D95-D6F0AC29C778",
    "translated" : null,
    "translatedBy" : null,
    "translatedLanguage" : null
  } ],
  "intentParameters" : [ ],
  "name" : "ANS.FAQs.corp.credit.cards.card.receiv.issuanc",
  "trackingId" : "E7D7E32B-360B-4CA9-9EBE-A7253542897F"
}