{
  "annotations" : [ ],
  "autoCompleteData" : [ ],
  "enabled" : true,
  "exampleData" : [ {
    "annotations" : [ ],
    "contributor" : null,
    "crowdJobId" : null,
    "detectedLanguage" : null,
    "developerId" : null,
    "developerTag" : null,
    "exampleEntities" : [ ],
    "sentence" : "Can customers be charged for the commission?",
    "trackingId" : "E078E1BF-9EA2-431A-8C14-6265839DC715",
    "translated" : null,
    "translatedBy" : null,
    "translatedLanguage" : null
  }, {
    "annotations" : [ ],
    "contributor" : null,
    "crowdJobId" : null,
    "detectedLanguage" : null,
    "developerId" : null,
    "developerTag" : null,
    "exampleEntities" : [ ],
    "sentence" : "Is it permissible to add the commission of the machine to the customer?",
    "trackingId" : "12B3734F-F017-42FD-99BC-431F8AD06B49",
    "translated" : null,
    "translatedBy" : null,
    "translatedLanguage" : null
  } ],
  "intentParameters" : [ ],
  "name" : "ANS.FAQs.pos.custom.charg.commiss",
  "trackingId" : "D8409555-8D44-446C-80F0-959F468C90FD"
}