{
  "annotations" : [ ],
  "autoCompleteData" : [ ],
  "enabled" : true,
  "exampleData" : [ {
    "annotations" : [ ],
    "contributor" : null,
    "crowdJobId" : null,
    "detectedLanguage" : null,
    "developerId" : null,
    "developerTag" : null,
    "exampleEntities" : [ ],
    "sentence" : "Retail - Can I get a supplementary credit card? How can I determine its credit limit?",
    "trackingId" : "7356EDFC-6DB0-4114-82E3-3067045152D2",
    "translated" : null,
    "translatedBy" : null,
    "translatedLanguage" : null
  }, {
    "annotations" : [ ],
    "contributor" : null,
    "crowdJobId" : null,
    "detectedLanguage" : null,
    "developerId" : null,
    "developerTag" : null,
    "exampleEntities" : [ ],
    "sentence" : "Retail - Can I get an additional credit card? And how do I determine its credit limit?",
    "trackingId" : "81ACD1D7-94F2-420E-84E2-7DC4CA9DE16F",
    "translated" : null,
    "translatedBy" : null,
    "translatedLanguage" : null
  } ],
  "intentParameters" : [ ],
  "name" : "ANS.FAQs.credit.cards.ret.supplementari.card.determin.it.limit",
  "trackingId" : "468CBB2C-90D5-49F9-9EDF-CEF5B49167FC"
}