{
  "annotations" : [ ],
  "autoCompleteData" : [ ],
  "enabled" : true,
  "exampleData" : [ {
    "annotations" : [ ],
    "contributor" : null,
    "crowdJobId" : null,
    "detectedLanguage" : null,
    "developerId" : null,
    "developerTag" : null,
    "exampleEntities" : [ ],
    "sentence" : "Corp - Can transfers be made between accounts through the debit card?",
    "trackingId" : "A7D9EBC8-F5F5-405D-AA1A-64FDB6589704",
    "translated" : null,
    "translatedBy" : null,
    "translatedLanguage" : null
  }, {
    "annotations" : [ ],
    "contributor" : null,
    "crowdJobId" : null,
    "detectedLanguage" : null,
    "developerId" : null,
    "developerTag" : null,
    "exampleEntities" : [ ],
    "sentence" : "Corp - Is it possible to transfer between accounts through a debit card?",
    "trackingId" : "B3736D4A-D9FD-4523-90F4-70873E9CEB55",
    "translated" : null,
    "translatedBy" : null,
    "translatedLanguage" : null
  } ],
  "intentParameters" : [ ],
  "name" : "ANS.FAQs.corp.debit.cards.transfer.made.acc.card",
  "trackingId" : "6255E4C1-408B-4416-B57B-7B77FF93FF29"
}