{
  "annotations" : [ ],
  "autoCompleteData" : [ ],
  "enabled" : true,
  "exampleData" : [ {
    "annotations" : [ ],
    "contributor" : null,
    "crowdJobId" : null,
    "detectedLanguage" : null,
    "developerId" : null,
    "developerTag" : null,
    "exampleEntities" : [ ],
    "sentence" : "How to qualify for the Platinum Plus tier?",
    "trackingId" : "6546C8EE-8325-46AE-8FAE-8F74D256EC75",
    "translated" : null,
    "translatedBy" : null,
    "translatedLanguage" : null
  }, {
    "annotations" : [ ],
    "contributor" : null,
    "crowdJobId" : null,
    "detectedLanguage" : null,
    "developerId" : null,
    "developerTag" : null,
    "exampleEntities" : [ ],
    "sentence" : "How to qualify to Platinum Plus?",
    "trackingId" : "597F0198-2696-4301-AA0E-EC478623ABC6",
    "translated" : null,
    "translatedBy" : null,
    "translatedLanguage" : null
  } ],
  "intentParameters" : [ ],
  "name" : "ANS.FAQs.alAhlyPlatinum.services.qualifi.plu",
  "trackingId" : "147FF345-A2D8-4110-9FBE-34BB6C4650F8"
}