{
  "annotations" : [ ],
  "autoCompleteData" : [ ],
  "enabled" : true,
  "exampleData" : [ {
    "annotations" : [ ],
    "contributor" : null,
    "crowdJobId" : null,
    "detectedLanguage" : null,
    "developerId" : null,
    "developerTag" : null,
    "exampleEntities" : [ ],
    "sentence" : "Retail - Can I retrieve a certificate or break a deposit through the service?",
    "trackingId" : "9098C5D5-54B4-4060-A4D8-A191A81EF567",
    "translated" : null,
    "translatedBy" : null,
    "translatedLanguage" : null
  }, {
    "annotations" : [ ],
    "contributor" : null,
    "crowdJobId" : null,
    "detectedLanguage" : null,
    "developerId" : null,
    "developerTag" : null,
    "exampleEntities" : [ ],
    "sentence" : "Retail - Can certificates/deposits be redeemed via the service?",
    "trackingId" : "D57E1F8B-7B1C-4586-BB9D-5FCCEBDF0E41",
    "translated" : null,
    "translatedBy" : null,
    "translatedLanguage" : null
  } ],
  "intentParameters" : [ ],
  "name" : "ANS.FAQs.alAhlyNet.nbe.mobile.ret.cert.deposit.redeem",
  "trackingId" : "E1E95E6D-2547-4D95-9E62-D7DC46B20A36"
}