{
  "annotations" : [ ],
  "autoCompleteData" : [ ],
  "enabled" : true,
  "exampleData" : [ {
    "annotations" : [ ],
    "contributor" : null,
    "crowdJobId" : null,
    "detectedLanguage" : null,
    "developerId" : null,
    "developerTag" : null,
    "exampleEntities" : [ ],
    "sentence" : "Corp - Can I see the details of the implemented standing instructions?",
    "trackingId" : "3BD4C20D-69A9-4734-92F5-CF30055FF3F1",
    "translated" : null,
    "translatedBy" : null,
    "translatedLanguage" : null
  }, {
    "annotations" : [ ],
    "contributor" : null,
    "crowdJobId" : null,
    "detectedLanguage" : null,
    "developerId" : null,
    "developerTag" : null,
    "exampleEntities" : [ ],
    "sentence" : "Corp - Can the details of executed standing instructions be viewed?",
    "trackingId" : "CBDDA7BD-786D-4C7B-9BFF-767378880EA7",
    "translated" : null,
    "translatedBy" : null,
    "translatedLanguage" : null
  } ],
  "intentParameters" : [ ],
  "name" : "ANS.FAQs.alAhlyNet.nbe.mobile.corp.detail.execut.stand.instruct.view",
  "trackingId" : "00D59C41-0150-4567-AEFE-6F26BBBAC24D"
}