{
  "annotations" : [ ],
  "autoCompleteData" : [ ],
  "enabled" : true,
  "exampleData" : [ {
    "annotations" : [ ],
    "contributor" : null,
    "crowdJobId" : null,
    "detectedLanguage" : null,
    "developerId" : null,
    "developerTag" : null,
    "exampleEntities" : [ ],
    "sentence" : "Retail - Can I cancel a transaction’s classification into sub-transactions?",
    "trackingId" : "64C422E8-0062-4878-AF37-9D0E604A5268",
    "translated" : null,
    "translatedBy" : null,
    "translatedLanguage" : null
  }, {
    "annotations" : [ ],
    "contributor" : null,
    "crowdJobId" : null,
    "detectedLanguage" : null,
    "developerId" : null,
    "developerTag" : null,
    "exampleEntities" : [ ],
    "sentence" : "Retail - Can I cancel the division of the transaction into sub-transactions?",
    "trackingId" : "A3283FFA-AB09-47F1-911A-5A72E4B50114",
    "translated" : null,
    "translatedBy" : null,
    "translatedLanguage" : null
  } ],
  "intentParameters" : [ ],
  "name" : "ANS.FAQs.alAhlyNet.nbe.mobile.ret.cancel.transact.classif.sub.transact",
  "trackingId" : "EA4F782A-E65C-46CA-8A8B-9D0891E72D09"
}