{
  "annotations" : [ ],
  "autoCompleteData" : [ ],
  "enabled" : true,
  "exampleData" : [ {
    "annotations" : [ ],
    "contributor" : null,
    "crowdJobId" : null,
    "detectedLanguage" : null,
    "developerId" : null,
    "developerTag" : null,
    "exampleEntities" : [ ],
    "sentence" : "Retail - Can I view all kinds of deposits and certificates in different currencies?",
    "trackingId" : "F5DA3888-F1A6-4248-8E59-2CEF30AD05C2",
    "translated" : null,
    "translatedBy" : null,
    "translatedLanguage" : null
  }, {
    "annotations" : [ ],
    "contributor" : null,
    "crowdJobId" : null,
    "detectedLanguage" : null,
    "developerId" : null,
    "developerTag" : null,
    "exampleEntities" : [ ],
    "sentence" : "Retail - Can all types of certificates/deposits in different currencies be viewed?",
    "trackingId" : "A4192040-AD26-4053-BE91-22DBF88AD06C",
    "translated" : null,
    "translatedBy" : null,
    "translatedLanguage" : null
  } ],
  "intentParameters" : [ ],
  "name" : "ANS.FAQs.alAhlyNet.nbe.mobile.ret.type.cert.deposit.differ.currenc.view",
  "trackingId" : "AFBB6812-1AB4-41BB-BB3B-B1B509DF99CB"
}