{
  "annotations" : [ ],
  "autoCompleteData" : [ ],
  "enabled" : true,
  "exampleData" : [ {
    "annotations" : [ ],
    "contributor" : null,
    "crowdJobId" : null,
    "detectedLanguage" : null,
    "developerId" : null,
    "developerTag" : null,
    "exampleEntities" : [ ],
    "sentence" : "Can the card be used for online purchases?",
    "trackingId" : "DE99BF67-4852-4263-8A5A-3466D3C14A21",
    "translated" : null,
    "translatedBy" : null,
    "translatedLanguage" : null
  }, {
    "annotations" : [ ],
    "contributor" : null,
    "crowdJobId" : null,
    "detectedLanguage" : null,
    "developerId" : null,
    "developerTag" : null,
    "exampleEntities" : [ ],
    "sentence" : "Can the card be used for online shopping?",
    "trackingId" : "97A95C92-2420-45BB-839F-8F8C6CED5FC8",
    "translated" : null,
    "translatedBy" : null,
    "translatedLanguage" : null
  } ],
  "intentParameters" : [ ],
  "name" : "ANS.FAQs.debit.cards.card.us.onlin.shop",
  "trackingId" : "CF73B372-6030-411A-8F1E-2A874383D26D"
}