{
  "annotations" : [ ],
  "autoCompleteData" : [ ],
  "enabled" : true,
  "exampleData" : [ {
    "annotations" : [ ],
    "contributor" : null,
    "crowdJobId" : null,
    "detectedLanguage" : null,
    "developerId" : null,
    "developerTag" : null,
    "exampleEntities" : [ ],
    "sentence" : "Retail - What are the obstacles that cause not obtaining a credit card?",
    "trackingId" : "BF9A6D2E-E9DC-415E-8AAC-D694188BE110",
    "translated" : null,
    "translatedBy" : null,
    "translatedLanguage" : null
  }, {
    "annotations" : [ ],
    "contributor" : null,
    "crowdJobId" : null,
    "detectedLanguage" : null,
    "developerId" : null,
    "developerTag" : null,
    "exampleEntities" : [ ],
    "sentence" : "Retail - What are the reasons for not getting a credit card?",
    "trackingId" : "87357DD4-D4DB-420F-931D-9481C9AB6205",
    "translated" : null,
    "translatedBy" : null,
    "translatedLanguage" : null
  } ],
  "intentParameters" : [ ],
  "name" : "ANS.FAQs.credit.cards.ret.reason.not.get.card",
  "trackingId" : "64060114-3D31-4545-8D95-7CE71AA6A859"
}