{
  "annotations" : [ ],
  "autoCompleteData" : [ ],
  "enabled" : true,
  "exampleData" : [ {
    "annotations" : [ ],
    "contributor" : null,
    "crowdJobId" : null,
    "detectedLanguage" : null,
    "developerId" : null,
    "developerTag" : null,
    "exampleEntities" : [ ],
    "sentence" : "What are the terms & conditions of Personal Loans?",
    "trackingId" : "9469FBB3-43B0-415D-A4C2-C40DE43A62B0",
    "translated" : null,
    "translatedBy" : null,
    "translatedLanguage" : null
  }, {
    "annotations" : [ ],
    "contributor" : null,
    "crowdJobId" : null,
    "detectedLanguage" : null,
    "developerId" : null,
    "developerTag" : null,
    "exampleEntities" : [ ],
    "sentence" : "What are the terms and conditions for a personal loan?",
    "trackingId" : "4CA61CB5-72A4-4B7E-9609-750AC06A4487",
    "translated" : null,
    "translatedBy" : null,
    "translatedLanguage" : null
  } ],
  "intentParameters" : [ ],
  "name" : "ANS.FAQs.personal.loan.term.condit.loan",
  "trackingId" : "5EF1FF87-A2BC-4F48-9AE7-C3F8AC371F0D"
}