{
  "annotations" : [ ],
  "autoCompleteData" : [ ],
  "enabled" : true,
  "exampleData" : [ {
    "annotations" : [ ],
    "contributor" : null,
    "crowdJobId" : null,
    "detectedLanguage" : null,
    "developerId" : null,
    "developerTag" : null,
    "exampleEntities" : [ ],
    "sentence" : "Retail - How can I get detailed information about deposit accounts or certificates?",
    "trackingId" : "4674364D-4023-4344-A460-66C18791AB62",
    "translated" : null,
    "translatedBy" : null,
    "translatedLanguage" : null
  }, {
    "annotations" : [ ],
    "contributor" : null,
    "crowdJobId" : null,
    "detectedLanguage" : null,
    "developerId" : null,
    "developerTag" : null,
    "exampleEntities" : [ ],
    "sentence" : "Retail - How can the details of the certificate/deposit be viewed?",
    "trackingId" : "93F19B97-DCCD-4222-A595-6CDB6C3F29B0",
    "translated" : null,
    "translatedBy" : null,
    "translatedLanguage" : null
  }, {
    "annotations" : [ ],
    "contributor" : null,
    "crowdJobId" : null,
    "detectedLanguage" : null,
    "developerId" : null,
    "developerTag" : null,
    "exampleEntities" : [ ],
    "sentence" : "Retail - What are the details of deposits or certificates that I can get?",
    "trackingId" : "5F01C60E-352A-44E2-8685-CADBD7D93085",
    "translated" : null,
    "translatedBy" : null,
    "translatedLanguage" : null
  }, {
    "annotations" : [ ],
    "contributor" : null,
    "crowdJobId" : null,
    "detectedLanguage" : null,
    "developerId" : null,
    "developerTag" : null,
    "exampleEntities" : [ ],
    "sentence" : "Retail - What are the details of the certificates/deposits that can be viewed?",
    "trackingId" : "A1637DEC-850F-4B9B-9AB3-11B0D1EEEB1C",
    "translated" : null,
    "translatedBy" : null,
    "translatedLanguage" : null
  } ],
  "intentParameters" : [ ],
  "name" : "ANS.FAQs.alAhlyNet.nbe.mobile.ret.detail.cert.deposit.view",
  "trackingId" : "7E053609-F186-4F30-8D87-5753A2DAA0BD"
}