{
  "annotations" : [ ],
  "autoCompleteData" : [ ],
  "enabled" : true,
  "exampleData" : [ {
    "annotations" : [ ],
    "contributor" : null,
    "crowdJobId" : null,
    "detectedLanguage" : null,
    "developerId" : null,
    "developerTag" : null,
    "exampleEntities" : [ ],
    "sentence" : "How can I create Al Ahly PhoneCash password for the first time?",
    "trackingId" : "AC3DD8AF-1FD0-434C-89C0-A10168127EB4",
    "translated" : null,
    "translatedBy" : null,
    "translatedLanguage" : null
  }, {
    "annotations" : [ ],
    "contributor" : null,
    "crowdJobId" : null,
    "detectedLanguage" : null,
    "developerId" : null,
    "developerTag" : null,
    "exampleEntities" : [ ],
    "sentence" : "How can I get the Al-Ahly Phone Cash service password for the first time?",
    "trackingId" : "19C8390A-52CB-4E21-9C56-98BFB89EE3AE",
    "translated" : null,
    "translatedBy" : null,
    "translatedLanguage" : null
  } ],
  "intentParameters" : [ ],
  "name" : "ANS.FAQs.alAhlyPhoneCash.creat.password.first.time",
  "trackingId" : "E7124F0B-E83E-42C5-B4B1-BFB033F9F15B"
}