{
  "annotations" : [ ],
  "autoCompleteData" : [ ],
  "enabled" : true,
  "exampleData" : [ {
    "annotations" : [ ],
    "contributor" : null,
    "crowdJobId" : null,
    "detectedLanguage" : null,
    "developerId" : null,
    "developerTag" : null,
    "exampleEntities" : [ ],
    "sentence" : "Advantages of Al Ahly Payroll Current Account Program",
    "trackingId" : "E8567B57-DD7E-49F0-8E01-1FDC7DAC40A3",
    "translated" : null,
    "translatedBy" : null,
    "translatedLanguage" : null
  }, {
    "annotations" : [ ],
    "contributor" : null,
    "crowdJobId" : null,
    "detectedLanguage" : null,
    "developerId" : null,
    "developerTag" : null,
    "exampleEntities" : [ ],
    "sentence" : "Advantages of Al-Ahly for salaries on accounts",
    "trackingId" : "1F08D830-69B2-4D3D-8295-BDE91F720ACF",
    "translated" : null,
    "translatedBy" : null,
    "translatedLanguage" : null
  } ],
  "intentParameters" : [ ],
  "name" : "ANS.FAQs.al.ahly.payroll.current.acc.program.advantag.acc",
  "trackingId" : "C256041F-ED09-4684-A3F9-0E4FAF329444"
}