{
  "annotations" : [ ],
  "autoCompleteData" : [ ],
  "enabled" : true,
  "exampleData" : [ {
    "annotations" : [ ],
    "contributor" : null,
    "crowdJobId" : null,
    "detectedLanguage" : null,
    "developerId" : null,
    "developerTag" : null,
    "exampleEntities" : [ ],
    "sentence" : "Retail - What are the available options for amending certificates/deposits?",
    "trackingId" : "2B54A99F-8AE7-4141-A7E8-2234E5F7D3AD",
    "translated" : null,
    "translatedBy" : null,
    "translatedLanguage" : null
  }, {
    "annotations" : [ ],
    "contributor" : null,
    "crowdJobId" : null,
    "detectedLanguage" : null,
    "developerId" : null,
    "developerTag" : null,
    "exampleEntities" : [ ],
    "sentence" : "Retail - What are the available options for modification regarding certificates and deposits?",
    "trackingId" : "00F4D464-2CBC-42D2-8D50-CF3F5F697F05",
    "translated" : null,
    "translatedBy" : null,
    "translatedLanguage" : null
  } ],
  "intentParameters" : [ ],
  "name" : "ANS.FAQs.alAhlyNet.nbe.mobile.ret.avail.option.amend.cert.deposit",
  "trackingId" : "E75770EA-1023-41A0-896A-4655F3B8293B"
}