{
  "annotations" : [ ],
  "autoCompleteData" : [ ],
  "enabled" : true,
  "exampleData" : [ {
    "annotations" : [ ],
    "contributor" : null,
    "crowdJobId" : null,
    "detectedLanguage" : null,
    "developerId" : null,
    "developerTag" : null,
    "exampleEntities" : [ ],
    "sentence" : "Retail - Can I print a statement of loan accounts?",
    "trackingId" : "1534FC4C-B7B3-4E7C-99DB-8F2FCF702D3C",
    "translated" : null,
    "translatedBy" : null,
    "translatedLanguage" : null
  }, {
    "annotations" : [ ],
    "contributor" : null,
    "crowdJobId" : null,
    "detectedLanguage" : null,
    "developerId" : null,
    "developerTag" : null,
    "exampleEntities" : [ ],
    "sentence" : "Retail - How can I print a loan account statement?",
    "trackingId" : "71B8D154-BDCE-49DD-9F6D-03A77AF44358",
    "translated" : null,
    "translatedBy" : null,
    "translatedLanguage" : null
  } ],
  "intentParameters" : [ ],
  "name" : "ANS.FAQs.alAhlyNet.nbe.mobile.ret.print.statement.loan.acc",
  "trackingId" : "8A39965F-DE92-4160-AE0E-FEB211FE490A"
}