{
  "annotations" : [ ],
  "autoCompleteData" : [ ],
  "enabled" : true,
  "exampleData" : [ {
    "annotations" : [ ],
    "contributor" : null,
    "crowdJobId" : null,
    "detectedLanguage" : null,
    "developerId" : null,
    "developerTag" : null,
    "exampleEntities" : [ ],
    "sentence" : "Can I prepay the loan?",
    "trackingId" : "1EC5EE4E-6DB2-4A4E-9245-A7B87311D965",
    "translated" : null,
    "translatedBy" : null,
    "translatedLanguage" : null
  }, {
    "annotations" : [ ],
    "contributor" : null,
    "crowdJobId" : null,
    "detectedLanguage" : null,
    "developerId" : null,
    "developerTag" : null,
    "exampleEntities" : [ ],
    "sentence" : "Can I repay the financing before the end of its contracted term at the time of the grant?",
    "trackingId" : "D5AFCE9C-E392-47AB-B764-435A0C774164",
    "translated" : null,
    "translatedBy" : null,
    "translatedLanguage" : null
  } ],
  "intentParameters" : [ ],
  "name" : "ANS.FAQs.personal.loan.prepai",
  "trackingId" : "1B1FD037-2CC0-4D52-8C43-A4F55796E635"
}