{
  "annotations" : [ ],
  "autoCompleteData" : [ ],
  "enabled" : true,
  "exampleData" : [ {
    "annotations" : [ ],
    "contributor" : null,
    "crowdJobId" : null,
    "detectedLanguage" : null,
    "developerId" : null,
    "developerTag" : null,
    "exampleEntities" : [ ],
    "sentence" : "Retail - Are debit card services available for both the original and supplementary cards?",
    "trackingId" : "885C1B16-B5F1-4BCC-9A43-AEB7E4EE05FA",
    "translated" : null,
    "translatedBy" : null,
    "translatedLanguage" : null
  }, {
    "annotations" : [ ],
    "contributor" : null,
    "crowdJobId" : null,
    "detectedLanguage" : null,
    "developerId" : null,
    "developerTag" : null,
    "exampleEntities" : [ ],
    "sentence" : "Retail - Are direct debit card services used for the original and supplementary card?",
    "trackingId" : "FE3529D4-3E43-48BB-8F35-DB1DC8F48F0B",
    "translated" : null,
    "translatedBy" : null,
    "translatedLanguage" : null
  } ],
  "intentParameters" : [ ],
  "name" : "ANS.FAQs.alAhlyNet.nbe.mobile.ret.debit.card.avail.origin.supplementari.card",
  "trackingId" : "ECAFF3E8-89EB-4CF7-B57A-6B7637A8264C"
}