{
  "annotations" : [ ],
  "autoCompleteData" : [ ],
  "enabled" : true,
  "exampleData" : [ {
    "annotations" : [ ],
    "contributor" : null,
    "crowdJobId" : null,
    "detectedLanguage" : null,
    "developerId" : null,
    "developerTag" : null,
    "exampleEntities" : [ ],
    "sentence" : "Retail - How can I know the card renewal date?",
    "trackingId" : "AF9D0C22-B7FA-4059-9FE0-E81BBD424E45",
    "translated" : null,
    "translatedBy" : null,
    "translatedLanguage" : null
  }, {
    "annotations" : [ ],
    "contributor" : null,
    "crowdJobId" : null,
    "detectedLanguage" : null,
    "developerId" : null,
    "developerTag" : null,
    "exampleEntities" : [ ],
    "sentence" : "Retail - How do I know when to renew the card?",
    "trackingId" : "2FDD0B17-8EFD-4B40-9267-6CBD996DDF4B",
    "translated" : null,
    "translatedBy" : null,
    "translatedLanguage" : null
  } ],
  "intentParameters" : [ ],
  "name" : "ANS.FAQs.credit.cards.ret.know.card.renew.date",
  "trackingId" : "9A3F3B58-9B86-485D-BFEA-7B69C27575E6"
}