{
  "annotations" : [ ],
  "autoCompleteData" : [ ],
  "enabled" : true,
  "exampleData" : [ {
    "annotations" : [ ],
    "contributor" : null,
    "crowdJobId" : null,
    "detectedLanguage" : null,
    "developerId" : null,
    "developerTag" : null,
    "exampleEntities" : [ ],
    "sentence" : "Is a text message sent when using a prepaid card?",
    "trackingId" : "7C32F3AE-497C-492F-A41F-94584D1D3006",
    "translated" : null,
    "translatedBy" : null,
    "translatedLanguage" : null
  }, {
    "annotations" : [ ],
    "contributor" : null,
    "crowdJobId" : null,
    "detectedLanguage" : null,
    "developerId" : null,
    "developerTag" : null,
    "exampleEntities" : [ ],
    "sentence" : "Is an SMS notification sent when the prepaid card is used?",
    "trackingId" : "5FD3B163-F748-4460-B6C1-D794C8D26256",
    "translated" : null,
    "translatedBy" : null,
    "translatedLanguage" : null
  } ],
  "intentParameters" : [ ],
  "name" : "ANS.FAQs.prepaid.cards.sm.notif.sent.when.card.us",
  "trackingId" : "03224E94-90E3-4B93-A284-B68211437390"
}