{
  "annotations" : [ ],
  "autoCompleteData" : [ ],
  "enabled" : true,
  "exampleData" : [ {
    "annotations" : [ ],
    "contributor" : null,
    "crowdJobId" : null,
    "detectedLanguage" : null,
    "developerId" : null,
    "developerTag" : null,
    "exampleEntities" : [ ],
    "sentence" : "Retail - What are the procedures that the customer must follow in case of forgetting the password?",
    "trackingId" : "BBD301B1-0A8E-4B54-99A9-A9CFC6644F8D",
    "translated" : null,
    "translatedBy" : null,
    "translatedLanguage" : null
  }, {
    "annotations" : [ ],
    "contributor" : null,
    "crowdJobId" : null,
    "detectedLanguage" : null,
    "developerId" : null,
    "developerTag" : null,
    "exampleEntities" : [ ],
    "sentence" : "Retail - What should I do in case I forget the PIN code?",
    "trackingId" : "53156201-548F-4C27-B564-A78B33E00288",
    "translated" : null,
    "translatedBy" : null,
    "translatedLanguage" : null
  } ],
  "intentParameters" : [ ],
  "name" : "ANS.FAQs.credit.cards.ret.case.forget.pin.code",
  "trackingId" : "9FAA2702-4CE4-4722-BB18-9159C1BAD54C"
}