{
  "annotations" : [ ],
  "autoCompleteData" : [ ],
  "enabled" : true,
  "exampleData" : [ {
    "annotations" : [ ],
    "contributor" : null,
    "crowdJobId" : null,
    "detectedLanguage" : null,
    "developerId" : null,
    "developerTag" : null,
    "exampleEntities" : [ ],
    "sentence" : "What are the requirements of financeable residential units?",
    "trackingId" : "25751864-3A4F-4A29-B611-B6A8EB816E62",
    "translated" : null,
    "translatedBy" : null,
    "translatedLanguage" : null
  }, {
    "annotations" : [ ],
    "contributor" : null,
    "crowdJobId" : null,
    "detectedLanguage" : null,
    "developerId" : null,
    "developerTag" : null,
    "exampleEntities" : [ ],
    "sentence" : "What are the specifications of the bankable housing units?",
    "trackingId" : "64B8D580-7B4C-4DC4-BE91-0B3160938E18",
    "translated" : null,
    "translatedBy" : null,
    "translatedLanguage" : null
  } ],
  "intentParameters" : [ ],
  "name" : "ANS.FAQs.mortgage.finance.requir.financ.residenti.unit",
  "trackingId" : "BB4482F2-B672-4570-B98C-22C08B7ACCA6"
}