{
  "annotations" : [ ],
  "autoCompleteData" : [ ],
  "enabled" : true,
  "exampleData" : [ {
    "annotations" : [ ],
    "contributor" : null,
    "crowdJobId" : null,
    "detectedLanguage" : null,
    "developerId" : null,
    "developerTag" : null,
    "exampleEntities" : [ ],
    "sentence" : "Are there any fees associated with the investment certificates?",
    "trackingId" : "3AAB8ACC-44EC-4348-B28E-CD934ACB9FE5",
    "translated" : null,
    "translatedBy" : null,
    "translatedLanguage" : null
  }, {
    "annotations" : [ ],
    "contributor" : null,
    "crowdJobId" : null,
    "detectedLanguage" : null,
    "developerId" : null,
    "developerTag" : null,
    "exampleEntities" : [ ],
    "sentence" : "Are there any fees for making deposits to my account?",
    "trackingId" : "D58D547B-5140-4707-BE16-58E24060A488",
    "translated" : null,
    "translatedBy" : null,
    "translatedLanguage" : null
  }, {
    "annotations" : [ ],
    "contributor" : null,
    "crowdJobId" : null,
    "detectedLanguage" : null,
    "developerId" : null,
    "developerTag" : null,
    "exampleEntities" : [ ],
    "sentence" : "Are there any penalties for early withdrawal of a corporate savings certificate?",
    "trackingId" : "AF1BD969-B6AA-4466-8C85-77BECB19B43E",
    "translated" : null,
    "translatedBy" : null,
    "translatedLanguage" : null
  }, {
    "annotations" : [ ],
    "contributor" : null,
    "crowdJobId" : null,
    "detectedLanguage" : null,
    "developerId" : null,
    "developerTag" : null,
    "exampleEntities" : [ ],
    "sentence" : "Are there any penalties for early withdrawal of funds from Corporate Saving Certificates in local currency?",
    "trackingId" : "F9793461-23E1-4E24-BEF4-4BE7C0CC4102",
    "translated" : null,
    "translatedBy" : null,
    "translatedLanguage" : null
  }, {
    "annotations" : [ ],
    "contributor" : null,
    "crowdJobId" : null,
    "detectedLanguage" : null,
    "developerId" : null,
    "developerTag" : null,
    "exampleEntities" : [ ],
    "sentence" : "Are there any penalties for early withdrawal of funds from Saving Certificates in foreign currency?",
    "trackingId" : "96115833-55DC-4FBB-A23C-EE445E95B51A",
    "translated" : null,
    "translatedBy" : null,
    "translatedLanguage" : null
  }, {
    "annotations" : [ ],
    "contributor" : null,
    "crowdJobId" : null,
    "detectedLanguage" : "en",
    "developerId" : null,
    "developerTag" : null,
    "exampleEntities" : [ ],
    "sentence" : "Are there any special offers or promotions for investing in local currency saving certificates?",
    "trackingId" : "A4F90C63-53F1-4C8B-889E-8C2AB2011101",
    "translated" : null,
    "translatedBy" : null,
    "translatedLanguage" : null
  }, {
    "annotations" : [ ],
    "contributor" : null,
    "crowdJobId" : null,
    "detectedLanguage" : null,
    "developerId" : null,
    "developerTag" : null,
    "exampleEntities" : [ ],
    "sentence" : "Are there any tax implications for investing in Saving Certificates in foreign currency?",
    "trackingId" : "60636AE6-1C63-4279-809E-A5FC87C7FC1C",
    "translated" : null,
    "translatedBy" : null,
    "translatedLanguage" : null
  }, {
    "annotations" : [ ],
    "contributor" : null,
    "crowdJobId" : null,
    "detectedLanguage" : null,
    "developerId" : null,
    "developerTag" : null,
    "exampleEntities" : [ ],
    "sentence" : "Can I apply for the investment certificate online?",
    "trackingId" : "A1D71F0B-FAD7-4843-9E66-D21FD066D1BD",
    "translated" : null,
    "translatedBy" : null,
    "translatedLanguage" : null
  }, {
    "annotations" : [ ],
    "contributor" : null,
    "crowdJobId" : null,
    "detectedLanguage" : null,
    "developerId" : null,
    "developerTag" : null,
    "exampleEntities" : [ ],
    "sentence" : "Can I choose the term of my corporate deposit account?",
    "trackingId" : "81EE54DC-50FB-4199-A0C7-64BF5A2351F2",
    "translated" : null,
    "translatedBy" : null,
    "translatedLanguage" : null
  }, {
    "annotations" : [ ],
    "contributor" : null,
    "crowdJobId" : null,
    "detectedLanguage" : null,
    "developerId" : null,
    "developerTag" : null,
    "exampleEntities" : [ ],
    "sentence" : "Can I choose to reinvest the interest earned on Corporate Saving Certificates in local currency?",
    "trackingId" : "E705DC50-6800-41DF-A66D-B5C7AA3A8BE3",
    "translated" : null,
    "translatedBy" : null,
    "translatedLanguage" : null
  }, {
    "annotations" : [ ],
    "contributor" : null,
    "crowdJobId" : null,
    "detectedLanguage" : null,
    "developerId" : null,
    "developerTag" : null,
    "exampleEntities" : [ ],
    "sentence" : "Can I get a loan by using local currency saving certificates as collateral?",
    "trackingId" : "3A1F1A84-AAC6-4281-8CBF-31369A7FF1AC",
    "translated" : null,
    "translatedBy" : null,
    "translatedLanguage" : null
  }, {
    "annotations" : [ ],
    "contributor" : null,
    "crowdJobId" : null,
    "detectedLanguage" : null,
    "developerId" : null,
    "developerTag" : null,
    "exampleEntities" : [ ],
    "sentence" : "Can I make a partial withdrawal from my Corporate Saving Certificate in foreign currency account before the maturity date? If yes, what are the charges?",
    "trackingId" : "C3F387F4-3826-491B-8D6A-32B065E5274B",
    "translated" : null,
    "translatedBy" : null,
    "translatedLanguage" : null
  }, {
    "annotations" : [ ],
    "contributor" : null,
    "crowdJobId" : null,
    "detectedLanguage" : null,
    "developerId" : null,
    "developerTag" : null,
    "exampleEntities" : [ ],
    "sentence" : "Can I make deposits to my account online?",
    "trackingId" : "7809C478-1C1C-4494-AFBB-2086AD3A44AD",
    "translated" : null,
    "translatedBy" : null,
    "translatedLanguage" : null
  }, {
    "annotations" : [ ],
    "contributor" : null,
    "crowdJobId" : null,
    "detectedLanguage" : null,
    "developerId" : null,
    "developerTag" : null,
    "exampleEntities" : [ ],
    "sentence" : "Can I open a Corporate Saving Certificate in foreign currency account as an individual or is it only for corporates?",
    "trackingId" : "7010451D-0E1F-4023-B903-CF08CC750EEF",
    "translated" : null,
    "translatedBy" : null,
    "translatedLanguage" : null
  }, {
    "annotations" : [ ],
    "contributor" : null,
    "crowdJobId" : null,
    "detectedLanguage" : null,
    "developerId" : null,
    "developerTag" : null,
    "exampleEntities" : [ ],
    "sentence" : "Can I open a corporate deposit account with your bank?",
    "trackingId" : "EFC55811-3A36-4D7C-B17A-32409FEB979E",
    "translated" : null,
    "translatedBy" : null,
    "translatedLanguage" : null
  }, {
    "annotations" : [ ],
    "contributor" : null,
    "crowdJobId" : null,
    "detectedLanguage" : null,
    "developerId" : null,
    "developerTag" : null,
    "exampleEntities" : [ ],
    "sentence" : "Can I open a corporate savings certificate online?",
    "trackingId" : "92240689-239E-4CE3-977E-2434C0502AFF",
    "translated" : null,
    "translatedBy" : null,
    "translatedLanguage" : null
  }, {
    "annotations" : [ ],
    "contributor" : null,
    "crowdJobId" : null,
    "detectedLanguage" : null,
    "developerId" : null,
    "developerTag" : null,
    "exampleEntities" : [ ],
    "sentence" : "Can I renew my multi-frequency time deposit?",
    "trackingId" : "BC5B19C2-4644-47C9-927D-34E2815F1E0C",
    "translated" : null,
    "translatedBy" : null,
    "translatedLanguage" : null
  }, {
    "annotations" : [ ],
    "contributor" : null,
    "crowdJobId" : null,
    "detectedLanguage" : "en",
    "developerId" : null,
    "developerTag" : null,
    "exampleEntities" : [ ],
    "sentence" : "Can I transfer funds from my deposit account to another bank?",
    "trackingId" : "435E6220-929C-4C2B-AD18-2EAC2B891529",
    "translated" : null,
    "translatedBy" : null,
    "translatedLanguage" : null
  }, {
    "annotations" : [ ],
    "contributor" : null,
    "crowdJobId" : null,
    "detectedLanguage" : null,
    "developerId" : null,
    "developerTag" : null,
    "exampleEntities" : [ ],
    "sentence" : "Can I withdraw money from a certificate of deposit account before maturity?",
    "trackingId" : "CE22ACFE-3FEB-4540-90E9-D74137473782",
    "translated" : null,
    "translatedBy" : null,
    "translatedLanguage" : null
  }, {
    "annotations" : [ ],
    "contributor" : null,
    "crowdJobId" : null,
    "detectedLanguage" : null,
    "developerId" : null,
    "developerTag" : null,
    "exampleEntities" : [ ],
    "sentence" : "Can I withdraw money from my multi-frequency time deposit before the maturity date?",
    "trackingId" : "C45EB96C-09FB-4C82-82CF-C452B5FD93EC",
    "translated" : null,
    "translatedBy" : null,
    "translatedLanguage" : null
  }, {
    "annotations" : [ ],
    "contributor" : null,
    "crowdJobId" : null,
    "detectedLanguage" : null,
    "developerId" : null,
    "developerTag" : null,
    "exampleEntities" : [ ],
    "sentence" : "Can I withdraw my investment before the maturity date of the certificate?",
    "trackingId" : "8B877F97-91FC-47D6-8E8A-29ECCCFB73F6",
    "translated" : null,
    "translatedBy" : null,
    "translatedLanguage" : null
  }, {
    "annotations" : [ ],
    "contributor" : null,
    "crowdJobId" : null,
    "detectedLanguage" : null,
    "developerId" : null,
    "developerTag" : null,
    "exampleEntities" : [ ],
    "sentence" : "Can I withdraw my money from Saving Certificates in foreign currency before the maturity date?",
    "trackingId" : "C1F351C0-7236-4A8C-88D0-13547B4109F2",
    "translated" : null,
    "translatedBy" : null,
    "translatedLanguage" : null
  }, {
    "annotations" : [ ],
    "contributor" : null,
    "crowdJobId" : null,
    "detectedLanguage" : null,
    "developerId" : null,
    "developerTag" : null,
    "exampleEntities" : [ ],
    "sentence" : "Can you give me information about the certificate of deposit offered by the bank?",
    "trackingId" : "03DD5A29-8C60-4907-801C-11095AECF56B",
    "translated" : null,
    "translatedBy" : null,
    "translatedLanguage" : null
  }, {
    "annotations" : [ ],
    "contributor" : null,
    "crowdJobId" : null,
    "detectedLanguage" : null,
    "developerId" : null,
    "developerTag" : null,
    "exampleEntities" : [ ],
    "sentence" : "Can you guide me on how to open a Corporate Saving Certificate in foreign currency account with the bank?",
    "trackingId" : "EB491D04-A972-4DD2-BE1C-1B5E9F680920",
    "translated" : null,
    "translatedBy" : null,
    "translatedLanguage" : null
  }, {
    "annotations" : [ ],
    "contributor" : null,
    "crowdJobId" : null,
    "detectedLanguage" : null,
    "developerId" : null,
    "developerTag" : null,
    "exampleEntities" : [ ],
    "sentence" : "Can you guide me through the process of investing in Corporate Saving Certificates in local currency?",
    "trackingId" : "409C34F6-CB6D-4F50-BC8E-9E89A36D1CC3",
    "translated" : null,
    "translatedBy" : null,
    "translatedLanguage" : null
  }, {
    "annotations" : [ ],
    "contributor" : null,
    "crowdJobId" : null,
    "detectedLanguage" : null,
    "developerId" : null,
    "developerTag" : null,
    "exampleEntities" : [ ],
    "sentence" : "Can you provide information about the interest rates of local currency saving certificates?",
    "trackingId" : "C0408886-D6D7-4CA1-8360-ED8B6A228168",
    "translated" : null,
    "translatedBy" : null,
    "translatedLanguage" : null
  }, {
    "annotations" : [ ],
    "contributor" : null,
    "crowdJobId" : null,
    "detectedLanguage" : null,
    "developerId" : null,
    "developerTag" : null,
    "exampleEntities" : [ ],
    "sentence" : "Can you tell me more about the Corporate Saving Certificates in foreign currency offered by the bank?",
    "trackingId" : "A69844C4-2339-465A-82AD-B7347ED3EC3C",
    "translated" : null,
    "translatedBy" : null,
    "translatedLanguage" : null
  }, {
    "annotations" : [ ],
    "contributor" : null,
    "crowdJobId" : null,
    "detectedLanguage" : null,
    "developerId" : null,
    "developerTag" : null,
    "exampleEntities" : [ ],
    "sentence" : "Can you tell me the interest rate for a time deposit that is paid at maturity?",
    "trackingId" : "2C561367-41A1-4CDC-B51B-1A9E8076AFD9",
    "translated" : null,
    "translatedBy" : null,
    "translatedLanguage" : null
  }, {
    "annotations" : [ ],
    "contributor" : null,
    "crowdJobId" : null,
    "detectedLanguage" : null,
    "developerId" : null,
    "developerTag" : null,
    "exampleEntities" : [ ],
    "sentence" : "Could you provide me with the interest rate for a time deposit that I would receive upon maturity?",
    "trackingId" : "EB947544-9FE2-4DA9-8479-4D9608BD75D3",
    "translated" : null,
    "translatedBy" : null,
    "translatedLanguage" : null
  }, {
    "annotations" : [ ],
    "contributor" : null,
    "crowdJobId" : null,
    "detectedLanguage" : null,
    "developerId" : null,
    "developerTag" : null,
    "exampleEntities" : [ ],
    "sentence" : "Do you offer any additional benefits or incentives for investing in corporate savings certificates?",
    "trackingId" : "E1635583-3DDA-45B4-8D9E-150324DD9494",
    "translated" : null,
    "translatedBy" : null,
    "translatedLanguage" : null
  }, {
    "annotations" : [ ],
    "contributor" : null,
    "crowdJobId" : null,
    "detectedLanguage" : null,
    "developerId" : null,
    "developerTag" : null,
    "exampleEntities" : [ ],
    "sentence" : "Does the bank offer any special benefits or offers for opening a Corporate Saving Certificate in foreign currency account?",
    "trackingId" : "95085F3D-D559-47E3-AA94-400FA18BD898",
    "translated" : null,
    "translatedBy" : null,
    "translatedLanguage" : null
  }, {
    "annotations" : [ ],
    "contributor" : null,
    "crowdJobId" : null,
    "detectedLanguage" : null,
    "developerId" : null,
    "developerTag" : null,
    "exampleEntities" : [ ],
    "sentence" : "How can I apply for a corporate deposit account?",
    "trackingId" : "8C402F88-7C89-457D-AB3C-DD1761EADD3B",
    "translated" : null,
    "translatedBy" : null,
    "translatedLanguage" : null
  }, {
    "annotations" : [ ],
    "contributor" : null,
    "crowdJobId" : null,
    "detectedLanguage" : null,
    "developerId" : null,
    "developerTag" : null,
    "exampleEntities" : [ ],
    "sentence" : "How can I check the balance of my deposit account?",
    "trackingId" : "218A8ECA-00A8-410D-8849-1D8A35A3661F",
    "translated" : null,
    "translatedBy" : null,
    "translatedLanguage" : null
  }, {
    "annotations" : [ ],
    "contributor" : null,
    "crowdJobId" : null,
    "detectedLanguage" : null,
    "developerId" : null,
    "developerTag" : null,
    "exampleEntities" : [ ],
    "sentence" : "How can I close my multi-frequency time deposit?",
    "trackingId" : "7501DB95-795E-4E8F-9F59-B4573FF1142B",
    "translated" : null,
    "translatedBy" : null,
    "translatedLanguage" : null
  }, {
    "annotations" : [ ],
    "contributor" : null,
    "crowdJobId" : null,
    "detectedLanguage" : null,
    "developerId" : null,
    "developerTag" : null,
    "exampleEntities" : [ ],
    "sentence" : "How can I invest in Saving Certificates in foreign currency?",
    "trackingId" : "3D6FE192-EAA9-44BA-BA1B-566CD32BD159",
    "translated" : null,
    "translatedBy" : null,
    "translatedLanguage" : null
  }, {
    "annotations" : [ ],
    "contributor" : null,
    "crowdJobId" : null,
    "detectedLanguage" : null,
    "developerId" : null,
    "developerTag" : null,
    "exampleEntities" : [ ],
    "sentence" : "How can I invest in corporate savings certificates with your bank?",
    "trackingId" : "FF027549-F658-465C-BF03-789CEAE56ACC",
    "translated" : null,
    "translatedBy" : null,
    "translatedLanguage" : null
  }, {
    "annotations" : [ ],
    "contributor" : null,
    "crowdJobId" : null,
    "detectedLanguage" : null,
    "developerId" : null,
    "developerTag" : null,
    "exampleEntities" : [ ],
    "sentence" : "How can I monitor the performance of my corporate deposit account?",
    "trackingId" : "E63D9EEC-A06B-4D58-9A70-3924BD1C4BD6",
    "translated" : null,
    "translatedBy" : null,
    "translatedLanguage" : null
  }, {
    "annotations" : [ ],
    "contributor" : null,
    "crowdJobId" : null,
    "detectedLanguage" : null,
    "developerId" : null,
    "developerTag" : null,
    "exampleEntities" : [ ],
    "sentence" : "How can I open a Corporate Saving Certificates account in local currency?",
    "trackingId" : "17EF4DDB-1C61-4CD7-99B4-3752DD32F9E1",
    "translated" : null,
    "translatedBy" : null,
    "translatedLanguage" : null
  }, {
    "annotations" : [ ],
    "contributor" : null,
    "crowdJobId" : null,
    "detectedLanguage" : null,
    "developerId" : null,
    "developerTag" : null,
    "exampleEntities" : [ ],
    "sentence" : "How can I open a multi-frequency time deposit?",
    "trackingId" : "95B00200-B5AB-401B-9796-FF3609B8B418",
    "translated" : null,
    "translatedBy" : null,
    "translatedLanguage" : null
  }, {
    "annotations" : [ ],
    "contributor" : null,
    "crowdJobId" : null,
    "detectedLanguage" : null,
    "developerId" : null,
    "developerTag" : null,
    "exampleEntities" : [ ],
    "sentence" : "How can I renew a certificate of deposit account?",
    "trackingId" : "3F2BA33D-E30C-4B78-BDAD-6ACD3D31FAF5",
    "translated" : null,
    "translatedBy" : null,
    "translatedLanguage" : null
  }, {
    "annotations" : [ ],
    "contributor" : null,
    "crowdJobId" : null,
    "detectedLanguage" : null,
    "developerId" : null,
    "developerTag" : null,
    "exampleEntities" : [ ],
    "sentence" : "How can I renew my corporate savings certificate?",
    "trackingId" : "B81AE337-7408-49D8-804D-C8AF6924D08B",
    "translated" : null,
    "translatedBy" : null,
    "translatedLanguage" : null
  }, {
    "annotations" : [ ],
    "contributor" : null,
    "crowdJobId" : null,
    "detectedLanguage" : null,
    "developerId" : null,
    "developerTag" : null,
    "exampleEntities" : [ ],
    "sentence" : "How do I check the current interest rate for Corporate Saving Certificates in local currency?",
    "trackingId" : "7EBF16C5-75C3-4159-92C5-74F9CFC40230",
    "translated" : null,
    "translatedBy" : null,
    "translatedLanguage" : null
  }, {
    "annotations" : [ ],
    "contributor" : null,
    "crowdJobId" : null,
    "detectedLanguage" : null,
    "developerId" : null,
    "developerTag" : null,
    "exampleEntities" : [ ],
    "sentence" : "How do I monitor the performance of my investment in Saving Certificates in foreign currency?",
    "trackingId" : "56F73A6B-3F63-4AC6-B04E-597104113088",
    "translated" : null,
    "translatedBy" : null,
    "translatedLanguage" : null
  }, {
    "annotations" : [ ],
    "contributor" : null,
    "crowdJobId" : null,
    "detectedLanguage" : "en",
    "developerId" : null,
    "developerTag" : null,
    "exampleEntities" : [ ],
    "sentence" : "How do I open a deposit account?",
    "trackingId" : "B90B9577-25A8-440F-994B-F71798F8EF04",
    "translated" : null,
    "translatedBy" : null,
    "translatedLanguage" : null
  }, {
    "annotations" : [ ],
    "contributor" : null,
    "crowdJobId" : null,
    "detectedLanguage" : null,
    "developerId" : null,
    "developerTag" : null,
    "exampleEntities" : [ ],
    "sentence" : "How do I open an investment certificate with the bank?",
    "trackingId" : "8CE93412-B655-4858-A564-8D27BDC0C518",
    "translated" : null,
    "translatedBy" : null,
    "translatedLanguage" : null
  }, {
    "annotations" : [ ],
    "contributor" : null,
    "crowdJobId" : null,
    "detectedLanguage" : "en",
    "developerId" : null,
    "developerTag" : null,
    "exampleEntities" : [ ],
    "sentence" : "How do I renew my investment certificate?",
    "trackingId" : "173F5130-6ED4-4AF7-A6A6-3D61C6B41479",
    "translated" : null,
    "translatedBy" : null,
    "translatedLanguage" : null
  }, {
    "annotations" : [ ],
    "contributor" : null,
    "crowdJobId" : null,
    "detectedLanguage" : null,
    "developerId" : null,
    "developerTag" : null,
    "exampleEntities" : [ ],
    "sentence" : "How do I withdraw money from my deposit account?",
    "trackingId" : "3401D7B7-EFEA-462E-8E42-6C6D50030007",
    "translated" : null,
    "translatedBy" : null,
    "translatedLanguage" : null
  }, {
    "annotations" : [ ],
    "contributor" : null,
    "crowdJobId" : null,
    "detectedLanguage" : null,
    "developerId" : null,
    "developerTag" : null,
    "exampleEntities" : [ ],
    "sentence" : "How is the interest calculated for corporate deposit accounts?",
    "trackingId" : "EC135463-A0E5-42CE-A6A2-24CD8092E7BE",
    "translated" : null,
    "translatedBy" : null,
    "translatedLanguage" : null
  }, {
    "annotations" : [ ],
    "contributor" : null,
    "crowdJobId" : null,
    "detectedLanguage" : "en",
    "developerId" : null,
    "developerTag" : null,
    "exampleEntities" : [ ],
    "sentence" : "How is the interest calculated for multi-frequency time deposits?",
    "trackingId" : "8D03E53F-B7C6-405B-BD19-C0DB388599E2",
    "translated" : null,
    "translatedBy" : null,
    "translatedLanguage" : null
  }, {
    "annotations" : [ ],
    "contributor" : null,
    "crowdJobId" : null,
    "detectedLanguage" : null,
    "developerId" : null,
    "developerTag" : null,
    "exampleEntities" : [ ],
    "sentence" : "How often are the returns on Saving Certificates in foreign currency paid out?",
    "trackingId" : "0F235841-92F0-4275-910A-4398E46E8372",
    "translated" : null,
    "translatedBy" : null,
    "translatedLanguage" : null
  }, {
    "annotations" : [ ],
    "contributor" : null,
    "crowdJobId" : null,
    "detectedLanguage" : null,
    "developerId" : null,
    "developerTag" : null,
    "exampleEntities" : [ ],
    "sentence" : "How often can I make deposits to my account?",
    "trackingId" : "2E939393-D2B5-4C6A-B1D7-45869FE7DE6B",
    "translated" : null,
    "translatedBy" : null,
    "translatedLanguage" : null
  }, {
    "annotations" : [ ],
    "contributor" : null,
    "crowdJobId" : null,
    "detectedLanguage" : null,
    "developerId" : null,
    "developerTag" : null,
    "exampleEntities" : [ ],
    "sentence" : "How to check the maturity date of local currency saving certificates?",
    "trackingId" : "86F1EE24-4DE8-4869-ABA2-951543ACF3D0",
    "translated" : null,
    "translatedBy" : null,
    "translatedLanguage" : null
  }, {
    "annotations" : [ ],
    "contributor" : null,
    "crowdJobId" : null,
    "detectedLanguage" : null,
    "developerId" : null,
    "developerTag" : null,
    "exampleEntities" : [ ],
    "sentence" : "How to invest in local currency saving certificates?",
    "trackingId" : "2B1FD253-9E37-4B59-8985-71787997C989",
    "translated" : null,
    "translatedBy" : null,
    "translatedLanguage" : null
  }, {
    "annotations" : [ ],
    "contributor" : null,
    "crowdJobId" : null,
    "detectedLanguage" : null,
    "developerId" : null,
    "developerTag" : null,
    "exampleEntities" : [ ],
    "sentence" : "How to open a certificate of deposit account with the bank?",
    "trackingId" : "FAD5D6F1-1FD7-4131-967D-EA53B6F2E03D",
    "translated" : null,
    "translatedBy" : null,
    "translatedLanguage" : null
  }, {
    "annotations" : [ ],
    "contributor" : null,
    "crowdJobId" : null,
    "detectedLanguage" : null,
    "developerId" : null,
    "developerTag" : null,
    "exampleEntities" : [ ],
    "sentence" : "How to open a saving certificate account for local currency?",
    "trackingId" : "2A747263-DDE0-4C07-A0CA-EE74D9462718",
    "translated" : null,
    "translatedBy" : null,
    "translatedLanguage" : null
  }, {
    "annotations" : [ ],
    "contributor" : null,
    "crowdJobId" : null,
    "detectedLanguage" : "en",
    "developerId" : null,
    "developerTag" : null,
    "exampleEntities" : [ ],
    "sentence" : "How to renew the local currency saving certificates after maturity?",
    "trackingId" : "EC0448DA-28F0-4895-A4F0-C01767F34B34",
    "translated" : null,
    "translatedBy" : null,
    "translatedLanguage" : null
  }, {
    "annotations" : [ ],
    "contributor" : null,
    "crowdJobId" : null,
    "detectedLanguage" : null,
    "developerId" : null,
    "developerTag" : null,
    "exampleEntities" : [ ],
    "sentence" : "How to withdraw the money invested in local currency saving certificates before the maturity date?",
    "trackingId" : "A28B011B-2B14-4673-8713-926968108E41",
    "translated" : null,
    "translatedBy" : null,
    "translatedLanguage" : null
  }, {
    "annotations" : [ ],
    "contributor" : null,
    "crowdJobId" : null,
    "detectedLanguage" : null,
    "developerId" : null,
    "developerTag" : null,
    "exampleEntities" : [ ],
    "sentence" : "I'm interested in investing in Corporate Saving Certificates in local currency. Can you tell me more about it?",
    "trackingId" : "26FE9200-36C8-4FAE-A507-423FEF92B811",
    "translated" : null,
    "translatedBy" : null,
    "translatedLanguage" : null
  }, {
    "annotations" : [ ],
    "contributor" : null,
    "crowdJobId" : null,
    "detectedLanguage" : null,
    "developerId" : null,
    "developerTag" : null,
    "exampleEntities" : [ ],
    "sentence" : "I'm interested in opening a time deposit. What interest rate would I receive if I chose the option to be paid at maturity?",
    "trackingId" : "7A6B7613-996A-459C-BACC-4D4AA299DC90",
    "translated" : null,
    "translatedBy" : null,
    "translatedLanguage" : null
  }, {
    "annotations" : [ ],
    "contributor" : null,
    "crowdJobId" : null,
    "detectedLanguage" : "en",
    "developerId" : null,
    "developerTag" : null,
    "exampleEntities" : [ ],
    "sentence" : "If I open a time deposit that is paid at maturity, what interest rate will I receive?",
    "trackingId" : "964B0B48-884F-4478-8CBD-84819CC5860F",
    "translated" : null,
    "translatedBy" : null,
    "translatedLanguage" : null
  }, {
    "annotations" : [ ],
    "contributor" : null,
    "crowdJobId" : null,
    "detectedLanguage" : null,
    "developerId" : null,
    "developerTag" : null,
    "exampleEntities" : [ ],
    "sentence" : "Is there a minimum investment amount for local currency saving certificates?",
    "trackingId" : "76E30C82-453E-49BF-86EE-E190C4560900",
    "translated" : null,
    "translatedBy" : null,
    "translatedLanguage" : null
  }, {
    "annotations" : [ ],
    "contributor" : null,
    "crowdJobId" : null,
    "detectedLanguage" : null,
    "developerId" : null,
    "developerTag" : null,
    "exampleEntities" : [ ],
    "sentence" : "Is there a penalty for early withdrawal of funds from a corporate deposit account?",
    "trackingId" : "18ECEDDF-4217-4BB7-9E90-71DD74E28CF8",
    "translated" : null,
    "translatedBy" : null,
    "translatedLanguage" : null
  }, {
    "annotations" : [ ],
    "contributor" : null,
    "crowdJobId" : null,
    "detectedLanguage" : "en",
    "developerId" : null,
    "developerTag" : null,
    "exampleEntities" : [ ],
    "sentence" : "Is there a penalty for early withdrawal of funds from a fixed deposit account?",
    "trackingId" : "2142B19A-1837-4384-AEB3-747D434CAA32",
    "translated" : null,
    "translatedBy" : null,
    "translatedLanguage" : null
  }, {
    "annotations" : [ ],
    "contributor" : null,
    "crowdJobId" : null,
    "detectedLanguage" : "en",
    "developerId" : null,
    "developerTag" : null,
    "exampleEntities" : [ ],
    "sentence" : "Is there any minimum balance required to maintain a Corporate Saving Certificate in foreign currency account with the bank?",
    "trackingId" : "91336081-23C4-495F-B6A9-2B497FC7DDC2",
    "translated" : null,
    "translatedBy" : null,
    "translatedLanguage" : null
  }, {
    "annotations" : [ ],
    "contributor" : null,
    "crowdJobId" : null,
    "detectedLanguage" : null,
    "developerId" : null,
    "developerTag" : null,
    "exampleEntities" : [ ],
    "sentence" : "Is there any penalty for early withdrawal of multi-frequency time deposits?",
    "trackingId" : "7A22F426-1027-4BA2-8E33-71C51FB11CD5",
    "translated" : null,
    "translatedBy" : null,
    "translatedLanguage" : null
  }, {
    "annotations" : [ ],
    "contributor" : null,
    "crowdJobId" : null,
    "detectedLanguage" : null,
    "developerId" : null,
    "developerTag" : null,
    "exampleEntities" : [ ],
    "sentence" : "What are multi-frequency time deposits?",
    "trackingId" : "10AF77B3-3D5B-4611-B4C3-59DA5CDEE333",
    "translated" : null,
    "translatedBy" : null,
    "translatedLanguage" : null
  }, {
    "annotations" : [ ],
    "contributor" : null,
    "crowdJobId" : null,
    "detectedLanguage" : null,
    "developerId" : null,
    "developerTag" : null,
    "exampleEntities" : [ ],
    "sentence" : "What are the available saving certificates in local currency?",
    "trackingId" : "CE0D5A94-B8B0-4799-8B0C-E61D10F3335D",
    "translated" : null,
    "translatedBy" : null,
    "translatedLanguage" : null
  }, {
    "annotations" : [ ],
    "contributor" : null,
    "crowdJobId" : null,
    "detectedLanguage" : null,
    "developerId" : null,
    "developerTag" : null,
    "exampleEntities" : [ ],
    "sentence" : "What are the benefits of a multi-frequency time deposit?",
    "trackingId" : "A23063C9-9639-419D-9105-F0AED91E03DD",
    "translated" : null,
    "translatedBy" : null,
    "translatedLanguage" : null
  }, {
    "annotations" : [ ],
    "contributor" : null,
    "crowdJobId" : null,
    "detectedLanguage" : null,
    "developerId" : null,
    "developerTag" : null,
    "exampleEntities" : [ ],
    "sentence" : "What are the benefits of investing in Saving Certificates in foreign currency?",
    "trackingId" : "BAFEDCF8-94BC-42D8-A187-C8FA04A0994C",
    "translated" : null,
    "translatedBy" : null,
    "translatedLanguage" : null
  }, {
    "annotations" : [ ],
    "contributor" : null,
    "crowdJobId" : null,
    "detectedLanguage" : null,
    "developerId" : null,
    "developerTag" : null,
    "exampleEntities" : [ ],
    "sentence" : "What are the benefits of investing in the bank's investment certificates?",
    "trackingId" : "B08E5886-577E-44D1-8097-74F47D75EFF3",
    "translated" : null,
    "translatedBy" : null,
    "translatedLanguage" : null
  }, {
    "annotations" : [ ],
    "contributor" : null,
    "crowdJobId" : null,
    "detectedLanguage" : null,
    "developerId" : null,
    "developerTag" : null,
    "exampleEntities" : [ ],
    "sentence" : "What are the benefits of opening a certificate of deposit account with the bank?",
    "trackingId" : "133A963A-F8BB-4D8D-9BB3-DC9A0051B120",
    "translated" : null,
    "translatedBy" : null,
    "translatedLanguage" : null
  }, {
    "annotations" : [ ],
    "contributor" : null,
    "crowdJobId" : null,
    "detectedLanguage" : null,
    "developerId" : null,
    "developerTag" : null,
    "exampleEntities" : [ ],
    "sentence" : "What are the different tenures available for multi-frequency time deposits?",
    "trackingId" : "1DDEA605-7759-46A1-86BD-4F28B83CB849",
    "translated" : null,
    "translatedBy" : null,
    "translatedLanguage" : null
  }, {
    "annotations" : [ ],
    "contributor" : null,
    "crowdJobId" : null,
    "detectedLanguage" : "en",
    "developerId" : null,
    "developerTag" : null,
    "exampleEntities" : [ ],
    "sentence" : "What are the different types of certificates of deposit offered by the bank?",
    "trackingId" : "101BE8FE-7DCF-42A1-A7FD-27A6CC41ECE8",
    "translated" : null,
    "translatedBy" : null,
    "translatedLanguage" : null
  }, {
    "annotations" : [ ],
    "contributor" : null,
    "crowdJobId" : null,
    "detectedLanguage" : null,
    "developerId" : null,
    "developerTag" : null,
    "exampleEntities" : [ ],
    "sentence" : "What are the different types of corporate deposit accounts offered by your bank?",
    "trackingId" : "35F35406-5ED8-4558-ABC4-1D8F9D7C02AD",
    "translated" : null,
    "translatedBy" : null,
    "translatedLanguage" : null
  }, {
    "annotations" : [ ],
    "contributor" : null,
    "crowdJobId" : null,
    "detectedLanguage" : null,
    "developerId" : null,
    "developerTag" : null,
    "exampleEntities" : [ ],
    "sentence" : "What are the documents required to open a Corporate Saving Certificates account in local currency?",
    "trackingId" : "16086E67-1CB3-462C-9875-F532DE4AEFEC",
    "translated" : null,
    "translatedBy" : null,
    "translatedLanguage" : null
  }, {
    "annotations" : [ ],
    "contributor" : null,
    "crowdJobId" : null,
    "detectedLanguage" : null,
    "developerId" : null,
    "developerTag" : null,
    "exampleEntities" : [ ],
    "sentence" : "What are the eligibility criteria for investing in Corporate Saving Certificates in local currency?",
    "trackingId" : "E1B27637-34CD-48AA-8454-0183A23C6BEC",
    "translated" : null,
    "translatedBy" : null,
    "translatedLanguage" : null
  }, {
    "annotations" : [ ],
    "contributor" : null,
    "crowdJobId" : null,
    "detectedLanguage" : null,
    "developerId" : null,
    "developerTag" : null,
    "exampleEntities" : [ ],
    "sentence" : "What are the features of your corporate savings certificates?",
    "trackingId" : "5467B9A7-6A50-46C7-BA0C-B3E2C52DEF52",
    "translated" : null,
    "translatedBy" : null,
    "translatedLanguage" : null
  }, {
    "annotations" : [ ],
    "contributor" : null,
    "crowdJobId" : null,
    "detectedLanguage" : null,
    "developerId" : null,
    "developerTag" : null,
    "exampleEntities" : [ ],
    "sentence" : "What are the interest rates for Saving Certificates in foreign currency?",
    "trackingId" : "B7716C40-C06D-4936-861C-C544529E42BB",
    "translated" : null,
    "translatedBy" : null,
    "translatedLanguage" : null
  }, {
    "annotations" : [ ],
    "contributor" : null,
    "crowdJobId" : null,
    "detectedLanguage" : null,
    "developerId" : null,
    "developerTag" : null,
    "exampleEntities" : [ ],
    "sentence" : "What are the interest rates for the investment certificates?",
    "trackingId" : "E8964E4A-0268-4A80-8FD7-93AEBB5F7EBA",
    "translated" : null,
    "translatedBy" : null,
    "translatedLanguage" : null
  }, {
    "annotations" : [ ],
    "contributor" : null,
    "crowdJobId" : null,
    "detectedLanguage" : null,
    "developerId" : null,
    "developerTag" : null,
    "exampleEntities" : [ ],
    "sentence" : "What are the interest rates for your corporate savings certificates?",
    "trackingId" : "326D2456-5749-46AC-B66D-D92158AD76CC",
    "translated" : null,
    "translatedBy" : null,
    "translatedLanguage" : null
  }, {
    "annotations" : [ ],
    "contributor" : null,
    "crowdJobId" : null,
    "detectedLanguage" : "en",
    "developerId" : null,
    "developerTag" : null,
    "exampleEntities" : [ ],
    "sentence" : "What are the interest rates offered for corporate deposits?",
    "trackingId" : "AE58DF73-2E4F-4D55-ACE9-C0EA8C7BE2A3",
    "translated" : null,
    "translatedBy" : null,
    "translatedLanguage" : null
  }, {
    "annotations" : [ ],
    "contributor" : null,
    "crowdJobId" : null,
    "detectedLanguage" : null,
    "developerId" : null,
    "developerTag" : null,
    "exampleEntities" : [ ],
    "sentence" : "What are the interest rates offered on Corporate Saving Certificates in foreign currency by the bank?",
    "trackingId" : "466612BE-6203-49FE-821B-5DE56A6F46EE",
    "translated" : null,
    "translatedBy" : null,
    "translatedLanguage" : null
  }, {
    "annotations" : [ ],
    "contributor" : null,
    "crowdJobId" : null,
    "detectedLanguage" : "en",
    "developerId" : null,
    "developerTag" : null,
    "exampleEntities" : [ ],
    "sentence" : "What are the penalties for early withdrawal from a certificate of deposit account?",
    "trackingId" : "5AD588E6-C033-418E-934A-26166E19B5BC",
    "translated" : null,
    "translatedBy" : null,
    "translatedLanguage" : null
  }, {
    "annotations" : [ ],
    "contributor" : null,
    "crowdJobId" : null,
    "detectedLanguage" : null,
    "developerId" : null,
    "developerTag" : null,
    "exampleEntities" : [ ],
    "sentence" : "What are the tax implications for investing in corporate savings certificates?",
    "trackingId" : "680AE3C1-81E6-4B3E-9AE7-6CE2175A2C37",
    "translated" : null,
    "translatedBy" : null,
    "translatedLanguage" : null
  }, {
    "annotations" : [ ],
    "contributor" : null,
    "crowdJobId" : null,
    "detectedLanguage" : null,
    "developerId" : null,
    "developerTag" : null,
    "exampleEntities" : [ ],
    "sentence" : "What are the tax implications of the investment certificates?",
    "trackingId" : "C219575E-1C0D-47CA-9CB2-D94C1B1046F8",
    "translated" : null,
    "translatedBy" : null,
    "translatedLanguage" : null
  }, {
    "annotations" : [ ],
    "contributor" : null,
    "crowdJobId" : null,
    "detectedLanguage" : null,
    "developerId" : null,
    "developerTag" : null,
    "exampleEntities" : [ ],
    "sentence" : "What are the terms and conditions for investing in Saving Certificates in foreign currency?",
    "trackingId" : "EDD43491-3DB7-4E9D-8BC1-C73A663599B1",
    "translated" : null,
    "translatedBy" : null,
    "translatedLanguage" : null
  }, {
    "annotations" : [ ],
    "contributor" : null,
    "crowdJobId" : null,
    "detectedLanguage" : null,
    "developerId" : null,
    "developerTag" : null,
    "exampleEntities" : [ ],
    "sentence" : "What documents are required to open a corporate deposit account?",
    "trackingId" : "ED3E0E25-A7BE-4870-8A16-DDC7D2F55A2A",
    "translated" : null,
    "translatedBy" : null,
    "translatedLanguage" : null
  }, {
    "annotations" : [ ],
    "contributor" : null,
    "crowdJobId" : null,
    "detectedLanguage" : null,
    "developerId" : null,
    "developerTag" : null,
    "exampleEntities" : [ ],
    "sentence" : "What is the current interest rate for time deposits paid at maturity?",
    "trackingId" : "1B01F5A1-2DA0-4132-BDC7-A49543744243",
    "translated" : null,
    "translatedBy" : null,
    "translatedLanguage" : null
  }, {
    "annotations" : [ ],
    "contributor" : null,
    "crowdJobId" : null,
    "detectedLanguage" : "en",
    "developerId" : null,
    "developerTag" : null,
    "exampleEntities" : [ ],
    "sentence" : "What is the duration of the investment certificate?",
    "trackingId" : "46790AC5-2A24-4A58-A173-BBF67A7620FB",
    "translated" : null,
    "translatedBy" : null,
    "translatedLanguage" : null
  }, {
    "annotations" : [ ],
    "contributor" : null,
    "crowdJobId" : null,
    "detectedLanguage" : null,
    "developerId" : null,
    "developerTag" : null,
    "exampleEntities" : [ ],
    "sentence" : "What is the interest rate for a certificate of deposit account?",
    "trackingId" : "E0012EB6-7742-4B54-9C37-B7AAE85EACA4",
    "translated" : null,
    "translatedBy" : null,
    "translatedLanguage" : null
  }, {
    "annotations" : [ ],
    "contributor" : null,
    "crowdJobId" : null,
    "detectedLanguage" : null,
    "developerId" : null,
    "developerTag" : null,
    "exampleEntities" : [ ],
    "sentence" : "What is the interest rate for a fixed deposit account?",
    "trackingId" : "4CB83CC1-EF4A-4CE6-B793-03384D9B7960",
    "translated" : null,
    "translatedBy" : null,
    "translatedLanguage" : null
  }, {
    "annotations" : [ ],
    "contributor" : null,
    "crowdJobId" : null,
    "detectedLanguage" : null,
    "developerId" : null,
    "developerTag" : null,
    "exampleEntities" : [ ],
    "sentence" : "What is the interest rate for a time deposit paid at maturity?",
    "trackingId" : "591B81DB-ECDC-4B10-A509-C33827CE7078",
    "translated" : null,
    "translatedBy" : null,
    "translatedLanguage" : null
  }, {
    "annotations" : [ ],
    "contributor" : null,
    "crowdJobId" : null,
    "detectedLanguage" : null,
    "developerId" : null,
    "developerTag" : null,
    "exampleEntities" : [ ],
    "sentence" : "What is the maturity period for your corporate savings certificates?",
    "trackingId" : "E5A83B09-C969-4940-9091-C2806C164DEF",
    "translated" : null,
    "translatedBy" : null,
    "translatedLanguage" : null
  }, {
    "annotations" : [ ],
    "contributor" : null,
    "crowdJobId" : null,
    "detectedLanguage" : null,
    "developerId" : null,
    "developerTag" : null,
    "exampleEntities" : [ ],
    "sentence" : "What is the minimum amount required to open a corporate deposit account?",
    "trackingId" : "2649A662-63BF-4FDF-AC9F-D41452D8A42E",
    "translated" : null,
    "translatedBy" : null,
    "translatedLanguage" : null
  }, {
    "annotations" : [ ],
    "contributor" : null,
    "crowdJobId" : null,
    "detectedLanguage" : "en",
    "developerId" : null,
    "developerTag" : null,
    "exampleEntities" : [ ],
    "sentence" : "What is the minimum and maximum amount required to open a multi-frequency time deposit?",
    "trackingId" : "AE81BE8D-6031-47CD-A278-4BC2F6B7B3DC",
    "translated" : null,
    "translatedBy" : null,
    "translatedLanguage" : null
  }, {
    "annotations" : [ ],
    "contributor" : null,
    "crowdJobId" : null,
    "detectedLanguage" : "en",
    "developerId" : null,
    "developerTag" : null,
    "exampleEntities" : [ ],
    "sentence" : "What is the minimum deposit amount for a savings account?",
    "trackingId" : "11944757-71DA-403D-B91F-BCE533593FB8",
    "translated" : null,
    "translatedBy" : null,
    "translatedLanguage" : null
  }, {
    "annotations" : [ ],
    "contributor" : null,
    "crowdJobId" : null,
    "detectedLanguage" : null,
    "developerId" : null,
    "developerTag" : null,
    "exampleEntities" : [ ],
    "sentence" : "What is the minimum deposit amount required to open a certificate of deposit account?",
    "trackingId" : "8CCB998A-8E83-431F-9E8B-DB9FB65D7607",
    "translated" : null,
    "translatedBy" : null,
    "translatedLanguage" : null
  }, {
    "annotations" : [ ],
    "contributor" : null,
    "crowdJobId" : null,
    "detectedLanguage" : null,
    "developerId" : null,
    "developerTag" : null,
    "exampleEntities" : [ ],
    "sentence" : "What is the minimum investment amount for Saving Certificates in foreign currency?",
    "trackingId" : "49A0C755-5357-4E77-8BF7-55DEDA4FAEE7",
    "translated" : null,
    "translatedBy" : null,
    "translatedLanguage" : null
  }, {
    "annotations" : [ ],
    "contributor" : null,
    "crowdJobId" : null,
    "detectedLanguage" : null,
    "developerId" : null,
    "developerTag" : null,
    "exampleEntities" : [ ],
    "sentence" : "What is the minimum investment amount for a corporate savings certificate?",
    "trackingId" : "D7A2F281-3B7A-4A29-A1EF-1D14234932ED",
    "translated" : null,
    "translatedBy" : null,
    "translatedLanguage" : null
  }, {
    "annotations" : [ ],
    "contributor" : null,
    "crowdJobId" : null,
    "detectedLanguage" : null,
    "developerId" : null,
    "developerTag" : null,
    "exampleEntities" : [ ],
    "sentence" : "What is the minimum investment amount required for the investment certificate?",
    "trackingId" : "760DA8FD-9F54-4FE7-AD8F-DC708690B710",
    "translated" : null,
    "translatedBy" : null,
    "translatedLanguage" : null
  }, {
    "annotations" : [ ],
    "contributor" : null,
    "crowdJobId" : null,
    "detectedLanguage" : null,
    "developerId" : null,
    "developerTag" : null,
    "exampleEntities" : [ ],
    "sentence" : "What is the minimum investment required for Corporate Saving Certificates in local currency?",
    "trackingId" : "4B378A5C-3B20-4B2B-9BF0-3E726FA38366",
    "translated" : null,
    "translatedBy" : null,
    "translatedLanguage" : null
  }, {
    "annotations" : [ ],
    "contributor" : null,
    "crowdJobId" : null,
    "detectedLanguage" : null,
    "developerId" : null,
    "developerTag" : null,
    "exampleEntities" : [ ],
    "sentence" : "What is the tenure for Corporate Saving Certificates in local currency?",
    "trackingId" : "9AA9AE5E-A7AC-478D-B36E-0FA40824D50A",
    "translated" : null,
    "translatedBy" : null,
    "translatedLanguage" : null
  }, {
    "annotations" : [ ],
    "contributor" : null,
    "crowdJobId" : null,
    "detectedLanguage" : null,
    "developerId" : null,
    "developerTag" : null,
    "exampleEntities" : [ ],
    "sentence" : "What is the tenure offered for Corporate Saving Certificates in foreign currency by the bank?",
    "trackingId" : "76BBEEF1-4CCC-452A-9D80-8DCA5F15B973",
    "translated" : null,
    "translatedBy" : null,
    "translatedLanguage" : null
  }, {
    "annotations" : [ ],
    "contributor" : null,
    "crowdJobId" : null,
    "detectedLanguage" : null,
    "developerId" : null,
    "developerTag" : null,
    "exampleEntities" : [ ],
    "sentence" : "What is the term length for a certificate of deposit account?",
    "trackingId" : "92B36BEF-A5CA-434E-AD95-99B4B7C120A4",
    "translated" : null,
    "translatedBy" : null,
    "translatedLanguage" : null
  }, {
    "annotations" : [ ],
    "contributor" : null,
    "crowdJobId" : null,
    "detectedLanguage" : null,
    "developerId" : null,
    "developerTag" : null,
    "exampleEntities" : [ ],
    "sentence" : "available certificates",
    "trackingId" : "47CD80B5-320B-4CA2-87DF-7A9857C06F86",
    "translated" : null,
    "translatedBy" : null,
    "translatedLanguage" : null
  }, {
    "annotations" : [ ],
    "contributor" : null,
    "crowdJobId" : null,
    "detectedLanguage" : null,
    "developerId" : null,
    "developerTag" : null,
    "exampleEntities" : [ ],
    "sentence" : "available deposits",
    "trackingId" : "37DAEC5D-586C-4D9B-9DFD-8F7423118AF8",
    "translated" : null,
    "translatedBy" : null,
    "translatedLanguage" : null
  }, {
    "annotations" : [ ],
    "contributor" : null,
    "crowdJobId" : null,
    "detectedLanguage" : "en",
    "developerId" : null,
    "developerTag" : null,
    "exampleEntities" : [ ],
    "sentence" : "certificates & deposits",
    "trackingId" : "F5CD1D3C-0335-4C0E-8978-DFB03E683EC1",
    "translated" : null,
    "translatedBy" : null,
    "translatedLanguage" : null
  }, {
    "annotations" : [ ],
    "contributor" : null,
    "crowdJobId" : null,
    "detectedLanguage" : null,
    "developerId" : null,
    "developerTag" : null,
    "exampleEntities" : [ ],
    "sentence" : "certificates and deposits",
    "trackingId" : "F70BD37D-F7B4-4AC7-B8F8-29AD525B3D62",
    "translated" : null,
    "translatedBy" : null,
    "translatedLanguage" : null
  }, {
    "annotations" : [ ],
    "contributor" : null,
    "crowdJobId" : null,
    "detectedLanguage" : null,
    "developerId" : null,
    "developerTag" : null,
    "exampleEntities" : [ ],
    "sentence" : "show me the certificates and deposits",
    "trackingId" : "BA68C2A8-181C-4ABB-8FBD-E51D71A11DCF",
    "translated" : null,
    "translatedBy" : null,
    "translatedLanguage" : null
  } ],
  "intentParameters" : [ {
    "entity" : "NBE.ENT.CORP.CD.CORPORATE_DEPOSITS",
    "entityAwareSetting" : {
      "enabled" : false
    },
    "required" : true,
    "trackingId" : "477DD355-5B64-44BE-A9E7-5E021C701896"
  }, {
    "entity" : "NBE.ENT.CORP.CD.SAVINGS.FOREIGN_CURRENCY",
    "entityAwareSetting" : {
      "enabled" : false
    },
    "required" : true,
    "trackingId" : "6900A903-43CB-4A96-BD43-9170CE97156B"
  }, {
    "entity" : "NBE.ENT.CORP.CD.SAVINGS_CERTIFICATES",
    "entityAwareSetting" : {
      "enabled" : false
    },
    "required" : true,
    "trackingId" : "E56D1BCC-81B5-4512-BC36-4E34088EE6EA"
  }, {
    "entity" : "NBE.ENT.RETAIL.CD.CERTIFICATES",
    "entityAwareSetting" : {
      "enabled" : false
    },
    "required" : true,
    "trackingId" : "8C5C81D8-9054-45A0-85D4-A5489B5CB457"
  }, {
    "entity" : "NBE.ENT.CORP.CD.SAVINGS.LOCAL_CURRENCY",
    "entityAwareSetting" : {
      "enabled" : false
    },
    "required" : true,
    "trackingId" : "7F75B69B-9B0B-4660-A3CB-E8D6D7AAC974"
  }, {
    "entity" : "NBE.ENT.RETAIL.CD.DEPOSITS",
    "entityAwareSetting" : {
      "enabled" : false
    },
    "required" : true,
    "trackingId" : "A203BBB5-543F-4437-91E5-2C6C47AF3F75"
  }, {
    "entity" : "NBE.ENT.RETAIL.CD.SAVINGS.FOREIGN_CURRENCY",
    "entityAwareSetting" : {
      "enabled" : false
    },
    "required" : true,
    "trackingId" : "7E489A82-0880-4ED9-B464-4D409A82FEA6"
  }, {
    "entity" : "NBE.ENT.RETAIL.CERTIFICATES_DEPOSITS",
    "entityAwareSetting" : {
      "enabled" : false
    },
    "required" : true,
    "trackingId" : "D00D2DC4-72AC-4386-891C-23C727311905"
  }, {
    "entity" : "NBE.ENT.RETAIL.CD.SAVINGS.LOCAL_CURRENCY",
    "entityAwareSetting" : {
      "enabled" : false
    },
    "required" : true,
    "trackingId" : "FA229427-5ACE-4A4D-AE92-88765C19E485"
  }, {
    "entity" : "NBE.ENT.RETAIL.CD.INVESTMENT_CERTIFICATES",
    "entityAwareSetting" : {
      "enabled" : false
    },
    "required" : true,
    "trackingId" : "3D5CD152-5106-4400-B6D0-C74DF25F9E1D"
  }, {
    "entity" : "NBE.ENT.CORP.CERTIFICATES_DEPOSITS",
    "entityAwareSetting" : {
      "enabled" : false
    },
    "required" : true,
    "trackingId" : "B228E72F-3DEA-4AE8-8646-10975B697A01"
  } ],
  "name" : "NBE.Core.CertificatesAndDeposits",
  "trackingId" : "F8AFCE6C-87E0-4E50-9AF1-BC558806B6FB",
  "type" : "NLPIntent"
}