{
  "annotations" : [ ],
  "autoCompleteData" : [ ],
  "enabled" : true,
  "exampleData" : [ {
    "annotations" : [ ],
    "contributor" : null,
    "crowdJobId" : null,
    "detectedLanguage" : null,
    "developerId" : null,
    "developerTag" : null,
    "exampleEntities" : [ ],
    "sentence" : "Are there any fees associated with the Corporate Payroll Card Program?",
    "trackingId" : "AB60CF55-78F7-42E1-9C96-62C31618F124",
    "translated" : null,
    "translatedBy" : null,
    "translatedLanguage" : null
  }, {
    "annotations" : [ ],
    "contributor" : null,
    "crowdJobId" : null,
    "detectedLanguage" : null,
    "developerId" : null,
    "developerTag" : null,
    "exampleEntities" : [ ],
    "sentence" : "Are there any hidden charges for a corporate salary advance?",
    "trackingId" : "97CBFEFB-0086-41E8-9A6E-9827C530E540",
    "translated" : null,
    "translatedBy" : null,
    "translatedLanguage" : null
  }, {
    "annotations" : [ ],
    "contributor" : null,
    "crowdJobId" : null,
    "detectedLanguage" : null,
    "developerId" : null,
    "developerTag" : null,
    "exampleEntities" : [ ],
    "sentence" : "Are there any rewards or incentives for using the Bank Corporate Payroll Current Account Program?",
    "trackingId" : "6A9663E6-A726-4450-B187-0DB93BC16379",
    "translated" : null,
    "translatedBy" : null,
    "translatedLanguage" : null
  }, {
    "annotations" : [ ],
    "contributor" : null,
    "crowdJobId" : null,
    "detectedLanguage" : "en",
    "developerId" : null,
    "developerTag" : null,
    "exampleEntities" : [ ],
    "sentence" : "Can I customize the Corporate Payroll Card Program for my company's needs?",
    "trackingId" : "145BDBE7-B790-4772-AC52-1111C9EA4871",
    "translated" : null,
    "translatedBy" : null,
    "translatedLanguage" : null
  }, {
    "annotations" : [ ],
    "contributor" : null,
    "crowdJobId" : null,
    "detectedLanguage" : null,
    "developerId" : null,
    "developerTag" : null,
    "exampleEntities" : [ ],
    "sentence" : "Can I get a corporate salary advance without a credit check?",
    "trackingId" : "14B994E8-FED7-422F-A139-40F5160DC761",
    "translated" : null,
    "translatedBy" : null,
    "translatedLanguage" : null
  }, {
    "annotations" : [ ],
    "contributor" : null,
    "crowdJobId" : null,
    "detectedLanguage" : null,
    "developerId" : null,
    "developerTag" : null,
    "exampleEntities" : [ ],
    "sentence" : "Can I manage my employees' payroll with the Corporate Payroll Card Program?",
    "trackingId" : "D0FE0E7C-FBA7-4833-B2C7-6B55CAA5F5F4",
    "translated" : null,
    "translatedBy" : null,
    "translatedLanguage" : null
  }, {
    "annotations" : [ ],
    "contributor" : null,
    "crowdJobId" : null,
    "detectedLanguage" : null,
    "developerId" : null,
    "developerTag" : null,
    "exampleEntities" : [ ],
    "sentence" : "Can I prepay my corporate salary advance?",
    "trackingId" : "4E1BB688-B7A9-436E-AAEA-75454F6CA46E",
    "translated" : null,
    "translatedBy" : null,
    "translatedLanguage" : null
  }, {
    "annotations" : [ ],
    "contributor" : null,
    "crowdJobId" : null,
    "detectedLanguage" : null,
    "developerId" : null,
    "developerTag" : null,
    "exampleEntities" : [ ],
    "sentence" : "Can you tell me more about the features of the Bank Corporate Payroll Current Account Program?",
    "trackingId" : "0CA84074-20DC-472F-ABBE-A73B67EB0BFC",
    "translated" : null,
    "translatedBy" : null,
    "translatedLanguage" : null
  }, {
    "annotations" : [ ],
    "contributor" : null,
    "crowdJobId" : null,
    "detectedLanguage" : null,
    "developerId" : null,
    "developerTag" : null,
    "exampleEntities" : [ ],
    "sentence" : "Can you tell me the eligibility criteria for a corporate salary advance?",
    "trackingId" : "860B6099-EDC5-4752-87CF-0AF3A53C4316",
    "translated" : null,
    "translatedBy" : null,
    "translatedLanguage" : null
  }, {
    "annotations" : [ ],
    "contributor" : null,
    "crowdJobId" : null,
    "detectedLanguage" : null,
    "developerId" : null,
    "developerTag" : null,
    "exampleEntities" : [ ],
    "sentence" : "How can I access my Bank Corporate Payroll Current Account online?",
    "trackingId" : "109E48EC-42F5-4EE0-B22F-D9F3764A3E97",
    "translated" : null,
    "translatedBy" : null,
    "translatedLanguage" : null
  }, {
    "annotations" : [ ],
    "contributor" : null,
    "crowdJobId" : null,
    "detectedLanguage" : null,
    "developerId" : null,
    "developerTag" : null,
    "exampleEntities" : [ ],
    "sentence" : "How can I access my employees' payroll information with the Corporate Payroll Card Program?",
    "trackingId" : "B7D969C9-32E6-4AA5-9EBD-8C9D57474114",
    "translated" : null,
    "translatedBy" : null,
    "translatedLanguage" : null
  }, {
    "annotations" : [ ],
    "contributor" : null,
    "crowdJobId" : null,
    "detectedLanguage" : null,
    "developerId" : null,
    "developerTag" : null,
    "exampleEntities" : [ ],
    "sentence" : "How can I apply for a corporate salary advance?",
    "trackingId" : "78D46FB1-2436-43FC-BD42-BA77A2ABEB52",
    "translated" : null,
    "translatedBy" : null,
    "translatedLanguage" : null
  }, {
    "annotations" : [ ],
    "contributor" : null,
    "crowdJobId" : null,
    "detectedLanguage" : null,
    "developerId" : null,
    "developerTag" : null,
    "exampleEntities" : [ ],
    "sentence" : "How can I enroll in the Bank Corporate Payroll Current Account Program?",
    "trackingId" : "EF6DEB25-1C0A-4309-A1F1-C9327D087721",
    "translated" : null,
    "translatedBy" : null,
    "translatedLanguage" : null
  }, {
    "annotations" : [ ],
    "contributor" : null,
    "crowdJobId" : null,
    "detectedLanguage" : null,
    "developerId" : null,
    "developerTag" : null,
    "exampleEntities" : [ ],
    "sentence" : "How do I check the balance of my Bank Corporate Payroll Current Account?",
    "trackingId" : "6CD24AB5-A893-4ABA-800A-7C9311746BDB",
    "translated" : null,
    "translatedBy" : null,
    "translatedLanguage" : null
  }, {
    "annotations" : [ ],
    "contributor" : null,
    "crowdJobId" : null,
    "detectedLanguage" : null,
    "developerId" : null,
    "developerTag" : null,
    "exampleEntities" : [ ],
    "sentence" : "How do I enroll my employees in the Corporate Payroll Card Program?",
    "trackingId" : "6EB39295-ABDE-40A4-9B6F-8F5F7DDF21EA",
    "translated" : null,
    "translatedBy" : null,
    "translatedLanguage" : null
  }, {
    "annotations" : [ ],
    "contributor" : null,
    "crowdJobId" : null,
    "detectedLanguage" : null,
    "developerId" : null,
    "developerTag" : null,
    "exampleEntities" : [ ],
    "sentence" : "How do I track and manage the expenses made by my employees with the Corporate Payroll Card Program?",
    "trackingId" : "0E80D7EC-DEF0-4D6F-944A-EEA3A0C8F67E",
    "translated" : null,
    "translatedBy" : null,
    "translatedLanguage" : null
  }, {
    "annotations" : [ ],
    "contributor" : null,
    "crowdJobId" : null,
    "detectedLanguage" : null,
    "developerId" : null,
    "developerTag" : null,
    "exampleEntities" : [ ],
    "sentence" : "How does the Bank Corporate Payroll Current Account Program work?",
    "trackingId" : "2B064B98-782A-4CF0-ACF3-8F84F714F52F",
    "translated" : null,
    "translatedBy" : null,
    "translatedLanguage" : null
  }, {
    "annotations" : [ ],
    "contributor" : null,
    "crowdJobId" : null,
    "detectedLanguage" : "en",
    "developerId" : null,
    "developerTag" : null,
    "exampleEntities" : [ ],
    "sentence" : "How does the Corporate Payroll Card Program work for international employees?",
    "trackingId" : "CF65BDA2-1F06-454E-A88F-E1AF2FC90116",
    "translated" : null,
    "translatedBy" : null,
    "translatedLanguage" : null
  }, {
    "annotations" : [ ],
    "contributor" : null,
    "crowdJobId" : null,
    "detectedLanguage" : null,
    "developerId" : null,
    "developerTag" : null,
    "exampleEntities" : [ ],
    "sentence" : "How long does it take to process a corporate salary advance?",
    "trackingId" : "E50CF379-F762-49A7-858C-DF9642BF292E",
    "translated" : null,
    "translatedBy" : null,
    "translatedLanguage" : null
  }, {
    "annotations" : [ ],
    "contributor" : null,
    "crowdJobId" : null,
    "detectedLanguage" : null,
    "developerId" : null,
    "developerTag" : null,
    "exampleEntities" : [ ],
    "sentence" : "Is a corporate salary advance available to all employees or only to certain levels?",
    "trackingId" : "03A68843-104E-42C6-AB9A-8123C4212726",
    "translated" : null,
    "translatedBy" : null,
    "translatedLanguage" : null
  }, {
    "annotations" : [ ],
    "contributor" : null,
    "crowdJobId" : null,
    "detectedLanguage" : null,
    "developerId" : null,
    "developerTag" : null,
    "exampleEntities" : [ ],
    "sentence" : "Is the Corporate Payroll Card Program secure for my employees' personal information?",
    "trackingId" : "278BED62-C617-49BB-9CE3-880A9C32F699",
    "translated" : null,
    "translatedBy" : null,
    "translatedLanguage" : null
  }, {
    "annotations" : [ ],
    "contributor" : null,
    "crowdJobId" : null,
    "detectedLanguage" : null,
    "developerId" : null,
    "developerTag" : null,
    "exampleEntities" : [ ],
    "sentence" : "What are the benefits of the Bank Corporate Payroll Current Account Program?",
    "trackingId" : "E18A2CDD-BBC5-4277-8C8E-E897246FD43A",
    "translated" : null,
    "translatedBy" : null,
    "translatedLanguage" : null
  }, {
    "annotations" : [ ],
    "contributor" : null,
    "crowdJobId" : null,
    "detectedLanguage" : null,
    "developerId" : null,
    "developerTag" : null,
    "exampleEntities" : [ ],
    "sentence" : "What are the benefits of using the Corporate Payroll Card Program for my employees?",
    "trackingId" : "72BBD637-321A-4C5E-9879-BE7EE0EAEC85",
    "translated" : null,
    "translatedBy" : null,
    "translatedLanguage" : null
  }, {
    "annotations" : [ ],
    "contributor" : null,
    "crowdJobId" : null,
    "detectedLanguage" : "en",
    "developerId" : null,
    "developerTag" : null,
    "exampleEntities" : [ ],
    "sentence" : "What are the eligibility requirements for the Bank Corporate Payroll Current Account Program?",
    "trackingId" : "D41580E0-494B-48E9-B58D-BFACC409623C",
    "translated" : null,
    "translatedBy" : null,
    "translatedLanguage" : null
  }, {
    "annotations" : [ ],
    "contributor" : null,
    "crowdJobId" : null,
    "detectedLanguage" : null,
    "developerId" : null,
    "developerTag" : null,
    "exampleEntities" : [ ],
    "sentence" : "What are the fees associated with the Bank Corporate Payroll Current Account Program?",
    "trackingId" : "EDE4CFBD-C710-4063-B923-2CC73B234ADC",
    "translated" : null,
    "translatedBy" : null,
    "translatedLanguage" : null
  }, {
    "annotations" : [ ],
    "contributor" : null,
    "crowdJobId" : null,
    "detectedLanguage" : null,
    "developerId" : null,
    "developerTag" : null,
    "exampleEntities" : [ ],
    "sentence" : "What are the interest rates for a corporate salary advance?",
    "trackingId" : "31872FB6-7298-44D0-A143-1FA9EE7BED58",
    "translated" : null,
    "translatedBy" : null,
    "translatedLanguage" : null
  }, {
    "annotations" : [ ],
    "contributor" : null,
    "crowdJobId" : null,
    "detectedLanguage" : null,
    "developerId" : null,
    "developerTag" : null,
    "exampleEntities" : [ ],
    "sentence" : "What is the maximum amount I can get as a corporate salary advance?",
    "trackingId" : "B8CB6F56-625B-445D-B5DA-ED8C90EEE1BC",
    "translated" : null,
    "translatedBy" : null,
    "translatedLanguage" : null
  }, {
    "annotations" : [ ],
    "contributor" : null,
    "crowdJobId" : null,
    "detectedLanguage" : "en",
    "developerId" : null,
    "developerTag" : null,
    "exampleEntities" : [ ],
    "sentence" : "What support and resources are available to me as a user of the Corporate Payroll Card Program?",
    "trackingId" : "7C6C31F9-384F-4B60-B46A-03A6EE791AFF",
    "translated" : null,
    "translatedBy" : null,
    "translatedLanguage" : null
  }, {
    "annotations" : [ ],
    "contributor" : null,
    "crowdJobId" : null,
    "detectedLanguage" : null,
    "developerId" : null,
    "developerTag" : null,
    "exampleEntities" : [ ],
    "sentence" : "corporate payrolls",
    "trackingId" : "D7DE126B-8176-43B1-A849-DA8C0204F62B",
    "translated" : null,
    "translatedBy" : null,
    "translatedLanguage" : null
  }, {
    "annotations" : [ ],
    "contributor" : null,
    "crowdJobId" : null,
    "detectedLanguage" : null,
    "developerId" : null,
    "developerTag" : null,
    "exampleEntities" : [ ],
    "sentence" : "payroll service",
    "trackingId" : "8DAF5E16-39D7-4F29-AC89-7CA57A587264",
    "translated" : null,
    "translatedBy" : null,
    "translatedLanguage" : null
  }, {
    "annotations" : [ ],
    "contributor" : null,
    "crowdJobId" : null,
    "detectedLanguage" : null,
    "developerId" : null,
    "developerTag" : null,
    "exampleEntities" : [ ],
    "sentence" : "payroll services",
    "trackingId" : "DEA17D2D-E150-4B71-9C55-4909AC7F4224",
    "translated" : null,
    "translatedBy" : null,
    "translatedLanguage" : null
  }, {
    "annotations" : [ ],
    "contributor" : null,
    "crowdJobId" : null,
    "detectedLanguage" : null,
    "developerId" : null,
    "developerTag" : null,
    "exampleEntities" : [ ],
    "sentence" : "payrolls",
    "trackingId" : "3523F913-3CA3-4515-9F0E-F0AFD57CF9D4",
    "translated" : null,
    "translatedBy" : null,
    "translatedLanguage" : null
  }, {
    "annotations" : [ ],
    "contributor" : null,
    "crowdJobId" : null,
    "detectedLanguage" : null,
    "developerId" : null,
    "developerTag" : null,
    "exampleEntities" : [ ],
    "sentence" : "what are the services of payroll",
    "trackingId" : "2A6F1A34-32E2-4286-BEF5-CA0534557D16",
    "translated" : null,
    "translatedBy" : null,
    "translatedLanguage" : null
  }, {
    "annotations" : [ ],
    "contributor" : null,
    "crowdJobId" : null,
    "detectedLanguage" : null,
    "developerId" : null,
    "developerTag" : null,
    "exampleEntities" : [ ],
    "sentence" : "what is corporate payroll service",
    "trackingId" : "425FA255-D715-4218-8A0B-5C985B8EFBD7",
    "translated" : null,
    "translatedBy" : null,
    "translatedLanguage" : null
  } ],
  "intentParameters" : [ {
    "entity" : "NBE.ENT.CORP.PAYROLL_SERVICES",
    "entityAwareSetting" : {
      "enabled" : false
    },
    "required" : true,
    "trackingId" : "143356FF-1981-4FC1-B394-C1D2B3475DB3"
  } ],
  "name" : "NBE.Core.PayrollServices",
  "trackingId" : "6A30BA1E-3296-4CCA-87B5-992FCF619759",
  "type" : "NLPIntent"
}