{
  "botPrompts" : [ ],
  "enumValues" : [ {
    "type" : "StaticEntityValue",
    "canonicalName" : "Local currency",
    "extensionType" : null,
    "synonyms" : [ "local currency", "local curr" ],
    "trackingId" : "102059F0-BB98-4299-85E8-9597262D9C05"
  }, {
    "type" : "StaticEntityValue",
    "canonicalName" : "Foreign currency",
    "extensionType" : null,
    "synonyms" : [ "foreign currency", "foreign curr" ],
    "trackingId" : "09767D0B-FB23-4D84-9C03-F1DFE1FC4833"
  } ],
  "fuzzyMatch" : false,
  "multiValue" : false,
  "name" : "NBE.ENT.RETAIL.ACCOUNTS.SAVINGS_ACCOUNT",
  "promptForDisambiguation" : true,
  "trackingId" : "02F5ECBE-144B-419F-9731-726D9A9CDECD",
  "type" : "ENUMVALUES",
  "validationRules" : [ ]
}