{
  "botPrompts" : [ ],
  "enumValues" : [ {
    "type" : "StaticEntityValue",
    "canonicalName" : "New Golden Certificate",
    "extensionType" : null,
    "synonyms" : [ "golden", "gold cert" ],
    "trackingId" : "913209A0-02D6-472E-A9ED-443EA37D2671"
  }, {
    "type" : "StaticEntityValue",
    "canonicalName" : "Ahl Masr 5 years (USD)",
    "extensionType" : null,
    "synonyms" : [ "5 years" ],
    "trackingId" : "4D7D097B-FA45-46BE-ACD6-89D509755A97"
  }, {
    "type" : "StaticEntityValue",
    "canonicalName" : "Ahl Masr 7 years (USD)",
    "extensionType" : null,
    "synonyms" : [ "7 years" ],
    "trackingId" : "9D69F83B-A079-49A3-BC34-82CE635005EC"
  } ],
  "fuzzyMatch" : false,
  "multiValue" : false,
  "name" : "NBE.ENT.RETAIL.CD.SAVINGS.FOREIGN_CURRENCY",
  "promptForDisambiguation" : true,
  "trackingId" : "18431F3E-DE25-4C6A-BF60-A2A17A60859B",
  "type" : "ENUMVALUES",
  "validationRules" : [ ]
}