{
  "botPrompts" : [ ],
  "compositeBagItems" : [ {
    "sequenceNr" : 1,
    "name" : "CurrentAccountsList",
    "fullName" : "CurrentAccountsList",
    "type" : "ENTITY",
    "entityName" : "NBE.ENT.RETAIL.ACCOUNTS.CURRENT_ACCOUNT",
    "entityUsage" : {
      "type" : "NamedEntity",
      "name" : "NBE.ENT.RETAIL.ACCOUNTS.CURRENT_ACCOUNT",
      "multiValue" : false,
      "fuzzyMatch" : false,
      "promptForDisambiguation" : true
    },
    "multiValue" : false,
    "multiLingual" : false,
    "fuzzyMatch" : false,
    "outOfOrderExtraction" : "ALWAYS",
    "promptForDisambiguation" : true,
    "defaultEndDateToStartDate" : false,
    "trackingId" : "3BD5511B-5CCB-4A0E-9D3A-1D7DB5F1DDC1",
    "children" : null
  } ],
  "eventHandler" : "EventHandlers:RetailCurrentAccounts",
  "fuzzyMatch" : false,
  "multiValue" : false,
  "name" : "NBE.CBE.RETAIL.ACCOUNTS.CURRENT_ACC",
  "promptForDisambiguation" : true,
  "trackingId" : "636D577B-29A4-45C9-82D9-0DA374BFD601",
  "type" : "COMPOSITEBAG",
  "validationRules" : [ ]
}