{
  "botPrompts" : [ ],
  "enumValues" : [ {
    "type" : "StaticEntityValue",
    "canonicalName" : "Corporate Time Deposits with Minimum EGP 1 Million",
    "extensionType" : null,
    "synonyms" : [ "corporate time deposits", "corp time deposits" ],
    "trackingId" : "5B8FBE3B-E8EB-4078-965F-E6F62C78A29B"
  }, {
    "type" : "StaticEntityValue",
    "canonicalName" : "Multi Frequencies Time Deposits",
    "extensionType" : null,
    "synonyms" : [ "multi frequencies", "multi time deposits", "multi frequencies deposits" ],
    "trackingId" : "A779B5DB-D340-4E98-B68D-22DA96888A5C"
  }, {
    "type" : "StaticEntityValue",
    "canonicalName" : "Time Deposits with Interest Paid at Maturity",
    "extensionType" : null,
    "synonyms" : [ "deposits with interest", "interest paid at maturity" ],
    "trackingId" : "C0324D1C-7890-445B-9568-E610CAEB3250"
  } ],
  "fuzzyMatch" : false,
  "multiValue" : false,
  "name" : "NBE.ENT.CORP.CD.CORPORATE_DEPOSITS",
  "promptForDisambiguation" : true,
  "trackingId" : "F921D27E-3AB0-441A-9096-B6EEB87FDA26",
  "type" : "ENUMVALUES",
  "validationRules" : [ ]
}