{
  "botPrompts" : [ ],
  "compositeBagItems" : [ {
    "sequenceNr" : 1,
    "name" : "ForeignCurrAccountsList",
    "fullName" : "ForeignCurrAccountsList",
    "type" : "ENTITY",
    "entityName" : "NBE.ENT.RETAIL.ACCOUNTS.SA.FOREIGN_CURR",
    "entityUsage" : {
      "type" : "NamedEntity",
      "name" : "NBE.ENT.RETAIL.ACCOUNTS.SA.FOREIGN_CURR",
      "multiValue" : false,
      "fuzzyMatch" : false,
      "promptForDisambiguation" : true
    },
    "multiValue" : false,
    "multiLingual" : false,
    "fuzzyMatch" : false,
    "outOfOrderExtraction" : "ALWAYS",
    "promptForDisambiguation" : true,
    "defaultEndDateToStartDate" : false,
    "trackingId" : "377BF586-B77A-4690-9DA5-FC29CA7BE30D",
    "children" : null
  } ],
  "eventHandler" : "EventHandlers:RetailSavingsAccountForeignCurr",
  "fuzzyMatch" : false,
  "multiValue" : false,
  "name" : "NBE.CBE.RETAIL.ACCOUNTS.SA.FOREIGN_CURR",
  "promptForDisambiguation" : true,
  "trackingId" : "025AA1EA-08D3-49EB-A513-8C14F7C2D262",
  "type" : "COMPOSITEBAG",
  "validationRules" : [ ]
}