{
  "botPrompts" : [ ],
  "enumValues" : [ {
    "type" : "StaticEntityValue",
    "canonicalName" : "Currency converter",
    "extensionType" : null,
    "synonyms" : [ "converter", "cur converter" ],
    "trackingId" : "895A8465-848C-4DA7-8724-62333F6AE375"
  }, {
    "type" : "StaticEntityValue",
    "canonicalName" : "Loan calculator",
    "extensionType" : null,
    "synonyms" : [ "loan" ],
    "trackingId" : "B43A850D-69B6-4068-B0BD-15346EFF3B84"
  }, {
    "type" : "StaticEntityValue",
    "canonicalName" : "Deposit calculator",
    "extensionType" : null,
    "synonyms" : [ "deposit" ],
    "trackingId" : "05096725-A4CB-4272-AF11-2EAAD8AC2641"
  } ],
  "fuzzyMatch" : false,
  "multiValue" : false,
  "name" : "NBE.ENT.RETAIL.OTHER_SERVICES.CALCULATORS",
  "promptForDisambiguation" : true,
  "trackingId" : "45685DE5-7D44-44A5-9276-A16F859F7B22",
  "type" : "ENUMVALUES",
  "validationRules" : [ ]
}