{
  "botPrompts" : [ ],
  "enumValues" : [ {
    "type" : "StaticEntityValue",
    "canonicalName" : "Personal cash loan",
    "extensionType" : null,
    "synonyms" : [ "personal cash", "personal loan", "cash loan" ],
    "trackingId" : "5D8643BE-D959-4BC4-973F-9FF9125726C4"
  }, {
    "type" : "StaticEntityValue",
    "canonicalName" : "Auto loan",
    "extensionType" : null,
    "synonyms" : [ "auto", "auto loan" ],
    "trackingId" : "94840378-B22C-4948-90B8-59E96A430C4F"
  }, {
    "type" : "StaticEntityValue",
    "canonicalName" : "CBE's initiatives",
    "extensionType" : null,
    "synonyms" : [ "CBE initiatives", "cbes initatives", "initiatives", "cbe", "cbes", "cbe's" ],
    "trackingId" : "0DE828CC-9F2C-4D85-95AD-D25163A4D358"
  } ],
  "fuzzyMatch" : false,
  "multiValue" : false,
  "name" : "NBE.ENT.RETAIL.LOANS",
  "promptForDisambiguation" : true,
  "trackingId" : "FD358203-F59F-4096-9797-B2492C71B827",
  "type" : "ENUMVALUES",
  "validationRules" : [ ]
}