{
  "botPrompts" : [ ],
  "enumValues" : [ {
    "type" : "StaticEntityValue",
    "canonicalName" : "Time deposits interest rate paid at maturity",
    "extensionType" : null,
    "synonyms" : [ "time deposit" ],
    "trackingId" : "F5B2AD75-4477-4D97-9106-26CDCFCBF61C"
  }, {
    "type" : "StaticEntityValue",
    "canonicalName" : "Multi frequency time deposits",
    "extensionType" : null,
    "synonyms" : [ "Multi frequency deposits" ],
    "trackingId" : "FC251A7B-03A4-460D-9CE6-D010F0D33F55"
  } ],
  "fuzzyMatch" : false,
  "multiValue" : false,
  "name" : "NBE.ENT.RETAIL.CD.DEPOSITS",
  "promptForDisambiguation" : true,
  "trackingId" : "089C20EE-8666-4220-8B1F-D554CF05863B",
  "type" : "ENUMVALUES",
  "validationRules" : [ ]
}