{
  "botPrompts" : [ ],
  "enumValues" : [ {
    "type" : "StaticEntityValue",
    "canonicalName" : "Meeza Corporate Prepaid Cards",
    "extensionType" : null,
    "synonyms" : [ "mastercard" ],
    "trackingId" : "50B3E6DC-3C29-4114-8314-C0C425BE3752"
  }, {
    "type" : "StaticEntityValue",
    "canonicalName" : "MasterCard Corporate Card",
    "extensionType" : null,
    "synonyms" : [ "meeza", "prepaid" ],
    "trackingId" : "817A59F6-CE54-462C-AA4F-DD312756DFDB"
  }, {
    "type" : "StaticEntityValue",
    "canonicalName" : "Corporate Debit Cards",
    "extensionType" : null,
    "synonyms" : [ "debit" ],
    "trackingId" : "257096B5-5F6B-4E93-B0F5-BED8761AAEB9"
  } ],
  "fuzzyMatch" : false,
  "multiValue" : false,
  "name" : "NBE.ENT.CORP.CARDS",
  "promptForDisambiguation" : true,
  "trackingId" : "010CDEEE-8130-4C52-BB52-90C2B9569971",
  "type" : "ENUMVALUES",
  "validationRules" : [ ]
}