{
  "botPrompts" : [ ],
  "enumValues" : [ {
    "type" : "StaticEntityValue",
    "canonicalName" : "Corporate Certificate 3 Years",
    "extensionType" : null,
    "synonyms" : [ "3 years", "certificate 3 years", "corporate 3 years" ],
    "trackingId" : "88F1513E-8B4F-47B5-82EF-7D034D529AF8"
  }, {
    "type" : "StaticEntityValue",
    "canonicalName" : "Corporate Certificate 5 Years",
    "extensionType" : null,
    "synonyms" : [ "5 years", "certificate 5 years", "corporate 5 years" ],
    "trackingId" : "BEC4EC52-7E97-41E3-AB95-5A904D6694D0"
  } ],
  "fuzzyMatch" : false,
  "multiValue" : false,
  "name" : "NBE.ENT.CORP.CD.SAVINGS.LOCAL_CURRENCY",
  "promptForDisambiguation" : true,
  "trackingId" : "97FD784D-F903-4631-AF81-7C56E2CD7402",
  "type" : "ENUMVALUES",
  "validationRules" : [ ]
}