{
  "botPrompts" : [ ],
  "enumValues" : [ {
    "type" : "StaticEntityValue",
    "canonicalName" : "Al Ahly Points",
    "extensionType" : null,
    "synonyms" : [ "ahly points", "points" ],
    "trackingId" : "5445B261-83C4-4916-B535-D20482CB443C"
  }, {
    "type" : "StaticEntityValue",
    "canonicalName" : "Offers",
    "extensionType" : null,
    "synonyms" : [ "offers", "offer" ],
    "trackingId" : "16E200A1-649C-4E59-A201-27BA7D4E2BD7"
  } ],
  "fuzzyMatch" : false,
  "multiValue" : false,
  "name" : "NBE.ENT.RETAIL.MAIN_AHLY_POINTS",
  "promptForDisambiguation" : true,
  "trackingId" : "43BD6AE8-A988-4138-A6CE-20DF875D9010",
  "type" : "ENUMVALUES",
  "validationRules" : [ ]
}