{
  "botPrompts" : [ ],
  "enumValues" : [ {
    "type" : "StaticEntityValue",
    "canonicalName" : "Savings Certificates & Deposits",
    "extensionType" : null,
    "synonyms" : [ "Savings Certificates and Deposits" ],
    "trackingId" : "DED157FE-B9B1-4953-B91C-AA69EC9EC4B2"
  }, {
    "type" : "StaticEntityValue",
    "canonicalName" : "Accounts & Loans",
    "extensionType" : null,
    "synonyms" : [ "Accounts and Loans" ],
    "trackingId" : "590E1CB1-3E82-4611-8215-7521E0882D47"
  }, {
    "type" : "StaticEntityValue",
    "canonicalName" : "Al Ahly Platinum Segments",
    "extensionType" : null,
    "synonyms" : [ "segments" ],
    "trackingId" : "265422A3-A44B-4E71-BDB7-D9176ED1413B"
  }, {
    "type" : "StaticEntityValue",
    "canonicalName" : "Non-Financial Services",
    "extensionType" : null,
    "synonyms" : [ "Non Financial" ],
    "trackingId" : "5B4AC99A-9A7C-4EDE-ADF5-E56AF8316A21"
  }, {
    "type" : "StaticEntityValue",
    "canonicalName" : "Al Ahly Platinum at a Glance",
    "extensionType" : null,
    "synonyms" : [ "glance" ],
    "trackingId" : "3453C494-2484-4C39-87E9-BB71DDA59194"
  } ],
  "fuzzyMatch" : false,
  "multiValue" : false,
  "name" : "NBE.ENT.RETAIL.AHLY_PLATINUM",
  "promptForDisambiguation" : true,
  "trackingId" : "A0A0512D-7AE9-4DFC-ADC6-96D02C775AD2",
  "type" : "ENUMVALUES",
  "validationRules" : [ ]
}