{
  "botPrompts" : [ ],
  "enumValues" : [ {
    "type" : "StaticEntityValue",
    "canonicalName" : "Services",
    "extensionType" : null,
    "synonyms" : [ "service" ],
    "trackingId" : "83D1F8DE-23AC-454E-AFCB-B570A3C298E1"
  }, {
    "type" : "StaticEntityValue",
    "canonicalName" : "How to subscribe",
    "extensionType" : null,
    "synonyms" : [ "subscribe" ],
    "trackingId" : "6FB79F4F-E2BB-4436-AAEE-231F99E0C105"
  }, {
    "type" : "StaticEntityValue",
    "canonicalName" : "Service activation",
    "extensionType" : null,
    "synonyms" : [ "activation" ],
    "trackingId" : "FDD45F4F-6726-431B-8F80-06D35EDE414D"
  }, {
    "type" : "StaticEntityValue",
    "canonicalName" : "Login Password/ User ID",
    "extensionType" : null,
    "synonyms" : [ "login password", "login pass", "login user id" ],
    "trackingId" : "0BF843D5-0BF5-42F2-B457-B00124FB58E3"
  } ],
  "fuzzyMatch" : false,
  "multiValue" : false,
  "name" : "NBE.ENT.RETAIL.DB.IVR",
  "promptForDisambiguation" : true,
  "trackingId" : "B57EC269-E306-45F6-AF32-33B32B5C56B5",
  "type" : "ENUMVALUES",
  "validationRules" : [ ]
}