{
  "botPrompts" : [ ],
  "enumValues" : [ {
    "type" : "StaticEntityValue",
    "canonicalName" : "Prices of mutual fund certificates",
    "extensionType" : null,
    "synonyms" : [ "mutual fund certficates", "price of mutual fund certficates", "price of mutual fund certficate", "mutual fund certifcates prices", "mutual fund certifcates price", "mutual fund certifcate prices", "mutual fund certifcate price" ],
    "trackingId" : "4534700E-A2D4-4133-B5DB-FF877C0F590D"
  }, {
    "type" : "StaticEntityValue",
    "canonicalName" : "How to redeem",
    "extensionType" : null,
    "synonyms" : [ "redeem" ],
    "trackingId" : "ACA5C222-A0B5-44F5-A460-8F0D435B754A"
  }, {
    "type" : "StaticEntityValue",
    "canonicalName" : "How to purchase",
    "extensionType" : null,
    "synonyms" : [ "purchase" ],
    "trackingId" : "CCB70D22-875C-4558-9234-DEE3AB4E6886"
  }, {
    "type" : "StaticEntityValue",
    "canonicalName" : "Advantages",
    "extensionType" : null,
    "synonyms" : [ "adv", "advantage" ],
    "trackingId" : "7C12D8A7-74D5-4655-9E96-B71995545909"
  } ],
  "fuzzyMatch" : false,
  "multiValue" : false,
  "name" : "NBE.ENT.CORP.OTHER_SERVICES.MUTUAL_FUNDS",
  "promptForDisambiguation" : true,
  "trackingId" : "1E9576E2-F193-4ECD-9BF4-CF6B1B764DF7",
  "type" : "ENUMVALUES",
  "validationRules" : [ ]
}