{
  "botPrompts" : [ ],
  "enumValues" : [ {
    "type" : "StaticEntityValue",
    "canonicalName" : "Employees program",
    "extensionType" : null,
    "synonyms" : [ "employee program", "emp program" ],
    "trackingId" : "C81A96F3-9252-4BEB-8A72-6B4225C9BC7C"
  }, {
    "type" : "StaticEntityValue",
    "canonicalName" : "Self-employed & professionals",
    "extensionType" : null,
    "synonyms" : [ "Self-employed and professionals", "Self employed & professionals", "Self employed and professionals", "employed and professionals" ],
    "trackingId" : "773F2B74-CCF4-46F8-82C4-053E95FA1C89"
  }, {
    "type" : "StaticEntityValue",
    "canonicalName" : "Financing 100% of car price against 50% collateral of car price",
    "extensionType" : null,
    "synonyms" : [ "financing car", "financing car price", "collateral car price", "financing 100%", "financing 100" ],
    "trackingId" : "37A47373-75B0-474D-8CF3-078537DB79B9"
  }, {
    "type" : "StaticEntityValue",
    "canonicalName" : "NBE's VIP Customers",
    "extensionType" : null,
    "synonyms" : [ "NBE VIP Customers", "NBEs VIP Customers", "vip customers", "nbe vip", "nbe's vip", "nbes vip" ],
    "trackingId" : "CABCAAFA-1FE1-4F27-9BF1-1D4C161698D7"
  }, {
    "type" : "StaticEntityValue",
    "canonicalName" : "Secured auto loan",
    "extensionType" : null,
    "synonyms" : [ "secured auto" ],
    "trackingId" : "C8D70413-796F-4EB3-BEA2-83DEE24FEF8A"
  } ],
  "fuzzyMatch" : false,
  "multiValue" : false,
  "name" : "NBE.ENT.RETAIL.AUTO_LOAN",
  "promptForDisambiguation" : true,
  "trackingId" : "CA89DA09-F17D-4D45-8AEA-09AB4F221BE6",
  "type" : "ENUMVALUES",
  "validationRules" : [ ]
}