{
  "botPrompts" : [ ],
  "enumValues" : [ {
    "type" : "StaticEntityValue",
    "canonicalName" : "Prices of mutual fund certificates",
    "extensionType" : null,
    "synonyms" : [ "Prices", "certifacates prices" ],
    "trackingId" : "00ED6747-45B5-4B12-A2E7-7FA68C0833E2"
  }, {
    "type" : "StaticEntityValue",
    "canonicalName" : "How to redeem",
    "extensionType" : null,
    "synonyms" : [ "redeem" ],
    "trackingId" : "76428A78-889D-4C03-96A9-EB999BF9E485"
  }, {
    "type" : "StaticEntityValue",
    "canonicalName" : "How to purchase",
    "extensionType" : null,
    "synonyms" : [ "purchase" ],
    "trackingId" : "70232142-FA1E-4063-BD97-E79EFF9E6F21"
  }, {
    "type" : "StaticEntityValue",
    "canonicalName" : "Advantages",
    "extensionType" : null,
    "synonyms" : [ "advantage" ],
    "trackingId" : "9D0A1F5E-6074-47B5-945C-6B0DA3407CDA"
  } ],
  "fuzzyMatch" : false,
  "multiValue" : false,
  "name" : "NBE.ENT.RETAIL.OTHER_SERVICES.MUTUAL_FUNDS",
  "promptForDisambiguation" : true,
  "trackingId" : "5440D131-14EF-44FC-8DA8-8B49CF0924A1",
  "type" : "ENUMVALUES",
  "validationRules" : [ ]
}