{
  "botPrompts" : [ ],
  "enumValues" : [ {
    "type" : "StaticEntityValue",
    "canonicalName" : "Local currency",
    "extensionType" : null,
    "synonyms" : [ "local", "local curr" ],
    "trackingId" : "984C8F22-6FDF-4596-900D-F4F2C5BB97B9"
  }, {
    "type" : "StaticEntityValue",
    "canonicalName" : "Foreign currency",
    "extensionType" : null,
    "synonyms" : [ "foreign curr", "foreign" ],
    "trackingId" : "5EF9C5EE-138E-4E05-A51C-74576C29BD0B"
  } ],
  "fuzzyMatch" : false,
  "multiValue" : false,
  "name" : "NBE.ENT.CORP.CD.SAVINGS_CERTIFICATES",
  "promptForDisambiguation" : true,
  "trackingId" : "EAA146F7-446B-48AB-8244-5C16EC5DE92C",
  "type" : "ENUMVALUES",
  "validationRules" : [ ]
}