{
  "botPrompts" : [ ],
  "enumValues" : [ {
    "type" : "StaticEntityValue",
    "canonicalName" : "NBE PhoneCash- Self registration",
    "extensionType" : null,
    "synonyms" : [ "NBE PhoneCash", "NBE Phone Cash - Self registration", "NBE PhoneCash - Self registration", "NBE Phone Cash", "PhoneCash", "Phone Cash", "PhoneCash- Self registration", "Phone Cash- Self registration", "PhoneCash - Self registration", "Phone Cash - Self registration" ],
    "trackingId" : "2C4EAFDB-4451-4339-91A7-29FB63B4DC1C"
  }, {
    "type" : "StaticEntityValue",
    "canonicalName" : "Al Ahly Net/NBE Mobile- Self Registration",
    "extensionType" : null,
    "synonyms" : [ "Al Ahly Net NBE Mobile- Self Registration", "Al Ahly Net/NBE Mobile - Self Registration", "Al Ahly Net NBE Mobile - Self Registration", "Al Ahly Net-Self Registration", "Al Ahly Net - Self Registration", "NBE Mobile- Self Registration", "NBE Mobile - Self Registration" ],
    "trackingId" : "28810477-5678-4F0A-BEC4-4289341FE4F1"
  }, {
    "type" : "StaticEntityValue",
    "canonicalName" : "Al Ahly Net/ NBE Mobile- Activation",
    "extensionType" : null,
    "synonyms" : [ "Al Ahly Net/NBE Mobile- Activation", "Al Ahly Net NBE Mobile- Activation", "Al Ahly Net/ NBE Mobile - Activation", "Al Ahly Net- Activation", "Al Ahly Net - Activation", "NBE Mobile- Activation", "NBE Mobile - Activation" ],
    "trackingId" : "F6DAB39A-C323-49D6-8B36-F5F32DF16846"
  }, {
    "type" : "StaticEntityValue",
    "canonicalName" : "E-mail updating service",
    "extensionType" : null,
    "synonyms" : [ "e mail updating", "e mail updating service", "email updating service", "email service", "E-mail updating", "e-mail updating", "e-mail service" ],
    "trackingId" : "789F7BA4-5752-43C6-AD25-F29339F49F74"
  }, {
    "type" : "StaticEntityValue",
    "canonicalName" : "IBAN Inquiries",
    "extensionType" : null,
    "synonyms" : [ "IBAN", "iban inq", "iban inquiries" ],
    "trackingId" : "A92C47AE-A29C-40E0-800B-CA24DCADD2C4"
  }, {
    "type" : "StaticEntityValue",
    "canonicalName" : "Inquiry about new installment amount after deferment",
    "extensionType" : null,
    "synonyms" : [ "new installment amount", "amount after deferment", "inquirty about new installment", "installment amount", "after deferment" ],
    "trackingId" : "069E3DB2-B16E-47B0-A81D-F8896DCA3895"
  }, {
    "type" : "StaticEntityValue",
    "canonicalName" : "Subscribe to Electronic Statements of credit cards",
    "extensionType" : null,
    "synonyms" : [ "subscribe to electronic statments", "subscribe credit cards", "credit cards", "electroninc statements of credit cards" ],
    "trackingId" : "A2B63054-8327-4DBB-8D8A-588AADBB2F77"
  }, {
    "type" : "StaticEntityValue",
    "canonicalName" : "Inquiry about the Incoming Electronic Foreign Remittances",
    "extensionType" : null,
    "synonyms" : [ "incoming electronic", "incoming electronic foreign remittances", "foreign remittances", "inquiry about foreign remittances" ],
    "trackingId" : "662D6BD3-15DA-45F6-87B5-53ACE7EDCD01"
  } ],
  "fuzzyMatch" : false,
  "multiValue" : false,
  "name" : "NBE.ENT.RETAIL.SELF_SERVICES",
  "promptForDisambiguation" : true,
  "trackingId" : "B2B91DE0-C2A7-4EB9-8E0F-244E30F02C5E",
  "type" : "ENUMVALUES",
  "validationRules" : [ ]
}