{
  "botPrompts" : [ ],
  "enumValues" : [ {
    "type" : "StaticEntityValue",
    "canonicalName" : "Deposits",
    "extensionType" : null,
    "synonyms" : [ "deposit", "retail deposits" ],
    "trackingId" : "C9B54AF4-EC39-43E7-8A57-24C88ACCCF74"
  }, {
    "type" : "StaticEntityValue",
    "canonicalName" : "Certificates",
    "extensionType" : null,
    "synonyms" : [ "certificate", "retail certificate", "cert" ],
    "trackingId" : "B106BF9D-8441-4A9F-ACC0-D1CD09D80D56"
  } ],
  "fuzzyMatch" : false,
  "multiValue" : false,
  "name" : "NBE.ENT.RETAIL.CERTIFICATES_DEPOSITS",
  "promptForDisambiguation" : true,
  "trackingId" : "CA22BBBD-1CE9-4457-9F84-7965692900E8",
  "type" : "ENUMVALUES",
  "validationRules" : [ ]
}