{
  "botPrompts" : [ ],
  "enumValues" : [ {
    "type" : "StaticEntityValue",
    "canonicalName" : "Currency converter",
    "extensionType" : null,
    "synonyms" : [ "curr converter" ],
    "trackingId" : "BE04853B-B122-4EAF-9CDC-9618D6D7F92C"
  }, {
    "type" : "StaticEntityValue",
    "canonicalName" : "Loan calculator",
    "extensionType" : null,
    "synonyms" : [ "loan calc" ],
    "trackingId" : "D8C4DF9F-37BF-434C-BE34-EA2220582518"
  }, {
    "type" : "StaticEntityValue",
    "canonicalName" : "Deposit calculator",
    "extensionType" : null,
    "synonyms" : [ "deposit calc" ],
    "trackingId" : "3590F982-64D0-4AF4-9D9D-B75975987B74"
  } ],
  "fuzzyMatch" : false,
  "multiValue" : false,
  "name" : "NBE.ENT.CORP.OTHER_SERVICES.CALCULATORS",
  "promptForDisambiguation" : true,
  "trackingId" : "43CF26C0-0573-48E3-BCD2-C83C7F1536D6",
  "type" : "ENUMVALUES",
  "validationRules" : [ ]
}