{
  "botPrompts" : [ ],
  "enumValues" : [ {
    "type" : "StaticEntityValue",
    "canonicalName" : "Current account",
    "extensionType" : null,
    "synonyms" : null,
    "trackingId" : "01D73EB3-0F03-4012-8E5B-257F4E6489FF"
  }, {
    "type" : "StaticEntityValue",
    "canonicalName" : "Fayda Plus account",
    "extensionType" : null,
    "synonyms" : null,
    "trackingId" : "CFF1FB59-16DE-4012-874A-37614EF611D6"
  } ],
  "fuzzyMatch" : false,
  "multiValue" : false,
  "name" : "NBE.ENT.RETAIL.ACCOUNTS.CURRENT_ACCOUNT",
  "promptForDisambiguation" : true,
  "trackingId" : "E9358356-C696-4EC2-900F-E80B886E3781",
  "type" : "ENUMVALUES",
  "validationRules" : [ ]
}