{
  "botPrompts" : [ ],
  "enumValues" : [ {
    "type" : "StaticEntityValue",
    "canonicalName" : "Registration in Al Ahly Points",
    "extensionType" : null,
    "synonyms" : [ "ahly points registration", "registration ahly points", "registration in ahly points", "registration", "reg", "reg ahly points", "reg al ahly points", "registration al ahly points" ],
    "trackingId" : "CC5A1C01-1CED-4C34-80E1-1FD131A17C5B"
  }, {
    "type" : "StaticEntityValue",
    "canonicalName" : "Point Redemption",
    "extensionType" : null,
    "synonyms" : [ "redemption", "exchange" ],
    "trackingId" : "4A2F3150-38AC-4374-83E5-59418C8C83FC"
  }, {
    "type" : "StaticEntityValue",
    "canonicalName" : "How to use e-vouchers",
    "extensionType" : null,
    "synonyms" : [ "e-vouchers", "e vouchers", "how to use e vouchers", "evouchers", "how to use evouchers", "use e-vouchers", "use e vouchers", "use evouchers" ],
    "trackingId" : "4A526AFA-695A-4E89-97B3-78DA98D9991A"
  }, {
    "type" : "StaticEntityValue",
    "canonicalName" : "Al Ahly Points Merchant Network",
    "extensionType" : null,
    "synonyms" : [ "merchant network", "ahly points merchant network", "ahly merchant network", "al ahly merchant network" ],
    "trackingId" : "38E89F77-5F2F-4056-A003-9A700B8967A3"
  } ],
  "fuzzyMatch" : false,
  "multiValue" : false,
  "name" : "NBE.ENT.RETAIL.AHLY_POINTS",
  "promptForDisambiguation" : true,
  "trackingId" : "B77B6197-F864-464C-BF8D-AA9ED561B137",
  "type" : "ENUMVALUES",
  "validationRules" : [ ]
}