{
  "botPrompts" : [ ],
  "enumValues" : [ {
    "type" : "StaticEntityValue",
    "canonicalName" : "Low income 5% and 7%",
    "extensionType" : null,
    "synonyms" : [ "low income", "5% and 7%", "5 and 7" ],
    "trackingId" : "7B16A33F-1D05-4F37-B07E-624973DBCCF9"
  }, {
    "type" : "StaticEntityValue",
    "canonicalName" : "Middle income 8%",
    "extensionType" : null,
    "synonyms" : [ "middle income", "8%" ],
    "trackingId" : "A8874DF6-64DA-4D5A-BC65-A82B85EFCB44"
  }, {
    "type" : "StaticEntityValue",
    "canonicalName" : "CBE's 3%  initiative",
    "extensionType" : null,
    "synonyms" : [ "CBE 3%  initiative", "CBEs 3%  initiative", "CBE's 3% initiative", "CBEs 3% initiative", "CBE 3% initiative", "3% initiative", "cbe 3%" ],
    "trackingId" : "AEFBE712-0343-4CE1-9DB0-C6D0DDB64F4F"
  } ],
  "fuzzyMatch" : false,
  "multiValue" : false,
  "name" : "NBE.ENT.RETAIL.CBE_LOAN",
  "promptForDisambiguation" : true,
  "trackingId" : "BEEFE886-BA29-4B0F-B40C-5A52F82531C0",
  "type" : "ENUMVALUES",
  "validationRules" : [ ]
}