{
  "botPrompts" : [ ],
  "enumValues" : [ {
    "type" : "StaticEntityValue",
    "canonicalName" : "E-vouchers",
    "extensionType" : null,
    "synonyms" : [ "e-vouchers", "evouchers", "e vouchers" ],
    "trackingId" : "3E8697B7-A873-4FC1-BC0D-F591D0A3B000"
  }, {
    "type" : "StaticEntityValue",
    "canonicalName" : "Cash back",
    "extensionType" : null,
    "synonyms" : [ "cash", "back" ],
    "trackingId" : "B8EB1F14-529B-4CC4-B0CF-D6C937D0F0B1"
  }, {
    "type" : "StaticEntityValue",
    "canonicalName" : "Mobile Top up",
    "extensionType" : null,
    "synonyms" : [ "mobile top", "top up" ],
    "trackingId" : "AF6D8F6D-2806-4027-A498-CDF12BEED45D"
  }, {
    "type" : "StaticEntityValue",
    "canonicalName" : "Travelling all over the world",
    "extensionType" : null,
    "synonyms" : [ "travelling", "travelling the world", "all over the world" ],
    "trackingId" : "119B3D60-AD5A-4B67-8B45-A042C80F0E49"
  } ],
  "fuzzyMatch" : false,
  "multiValue" : false,
  "name" : "NBE.ENT.RETAIL.AHLY_POINTS_REDEMPTION",
  "promptForDisambiguation" : true,
  "trackingId" : "B16302A2-93A5-4E7B-9BEC-1C8FD18DCFA7",
  "type" : "ENUMVALUES",
  "validationRules" : [ ]
}