{
  "botPrompts" : [ ],
  "enumValues" : [ {
    "type" : "StaticEntityValue",
    "canonicalName" : "Al-Ahly Net/ NBE Mobile",
    "extensionType" : null,
    "synonyms" : [ "Al-Ahly Net / NBE Mobile", "Al Ahly Net/ NBE Mobile", "Al Ahly Net / NBE Mobile", "ahly net/ nbe mobile", "ahly net / nbe mobile", "ahly net/nbe mobile", "ahly net  nbe mobile", "al ahly net nbe mobile" ],
    "trackingId" : "8231CD80-BF14-441C-AB04-9810772DC3A2"
  }, {
    "type" : "StaticEntityValue",
    "canonicalName" : "Al-Ahly E-Shopping",
    "extensionType" : null,
    "synonyms" : [ "Al-Ahly E Shopping", "Al-Ahly EShopping", "Al Ahly E-Shopping", "Al Ahly EShopping", "ahly e-shopping", "ahly e shopping", "ahly eshopping" ],
    "trackingId" : "977CF991-B56A-49B9-B043-F93E82D35D00"
  }, {
    "type" : "StaticEntityValue",
    "canonicalName" : "QR Code service",
    "extensionType" : null,
    "synonyms" : [ "qr code", "qr service" ],
    "trackingId" : "FB17C344-C067-4AD4-8DB0-2649FBA339FE"
  } ],
  "fuzzyMatch" : false,
  "multiValue" : false,
  "name" : "NBE.ENT.CORP.DIGITAL_BANKING",
  "promptForDisambiguation" : true,
  "trackingId" : "EB35D1B5-880F-4CE2-8553-E59F35E86F0E",
  "type" : "ENUMVALUES",
  "validationRules" : [ ]
}