{
  "botPrompts" : [ ],
  "enumValues" : [ {
    "type" : "StaticEntityValue",
    "canonicalName" : "Ahl Masr 7 years",
    "extensionType" : null,
    "synonyms" : [ "7 years" ],
    "trackingId" : "25594696-8073-48B4-94ED-75EB8C0B4380"
  }, {
    "type" : "StaticEntityValue",
    "canonicalName" : "Ahl Masr 5 years",
    "extensionType" : null,
    "synonyms" : [ "5 years" ],
    "trackingId" : "7B1811D8-7590-4B33-B38C-18D75B5A454F"
  }, {
    "type" : "StaticEntityValue",
    "canonicalName" : "New Golden",
    "extensionType" : null,
    "synonyms" : [ "golden" ],
    "trackingId" : "3E79500C-4D06-47A9-A737-CA0A82792CC4"
  } ],
  "fuzzyMatch" : false,
  "multiValue" : false,
  "name" : "NBE.ENT.CORP.CD.SAVINGS.FOREIGN_CURRENCY",
  "promptForDisambiguation" : true,
  "trackingId" : "AB08C144-2BF9-4D08-AE2F-B13B4B8AA115",
  "type" : "ENUMVALUES",
  "validationRules" : [ ]
}