{
  "botPrompts" : [ ],
  "enumValues" : [ {
    "type" : "StaticEntityValue",
    "canonicalName" : "Platinum Monthly Certificate",
    "extensionType" : null,
    "synonyms" : [ "Monthly Certificate" ],
    "trackingId" : "F837F146-13BA-4316-B92A-5E14A6701844"
  }, {
    "type" : "StaticEntityValue",
    "canonicalName" : "Platinum Variable Interest Certificate",
    "extensionType" : null,
    "synonyms" : [ "Variable Interest Certificate" ],
    "trackingId" : "8F23BB24-B650-44B5-BAA1-1F21AF16BCD5"
  }, {
    "type" : "StaticEntityValue",
    "canonicalName" : "Five-year CD",
    "extensionType" : null,
    "synonyms" : [ "5 year certificate" ],
    "trackingId" : "BD389000-5A8B-48E8-A223-AAAAC6165331"
  }, {
    "type" : "StaticEntityValue",
    "canonicalName" : "Egyptian Certificate Aman",
    "extensionType" : null,
    "synonyms" : [ "egyptian" ],
    "trackingId" : "5D287C7E-B3EC-4A89-A29D-2D37CFC8AB2D"
  } ],
  "fuzzyMatch" : false,
  "multiValue" : false,
  "name" : "NBE.ENT.RETAIL.CD.SAVINGS.LOCAL_CURRENCY",
  "promptForDisambiguation" : true,
  "trackingId" : "86E0503C-8348-4DF6-A238-BF59BDA98D21",
  "type" : "ENUMVALUES",
  "validationRules" : [ ]
}