{
  "botPrompts" : [ ],
  "enumValues" : [ {
    "type" : "StaticEntityValue",
    "canonicalName" : "Salary Advance",
    "extensionType" : null,
    "synonyms" : null,
    "trackingId" : "A7D575EB-8413-43FB-8EB9-4244BA893B76"
  }, {
    "type" : "StaticEntityValue",
    "canonicalName" : "Al Ahly Payroll Card Program",
    "extensionType" : null,
    "synonyms" : [ "payroll card program", "ahly payroll program", "ahly payroll card program", "al ahly payroll program" ],
    "trackingId" : "22B841BD-0DC3-4FD8-BCFC-2EA2D2BD97E4"
  }, {
    "type" : "StaticEntityValue",
    "canonicalName" : "Al Ahly Payroll Current Account Program",
    "extensionType" : null,
    "synonyms" : [ "payroll current account", "payroll current account program", "ahly payroll current account program", "ahly payroll current account" ],
    "trackingId" : "CAC0ABA4-6ED0-4833-9D13-2AE91382869E"
  } ],
  "fuzzyMatch" : false,
  "multiValue" : false,
  "name" : "NBE.ENT.CORP.PAYROLL_SERVICES",
  "promptForDisambiguation" : true,
  "trackingId" : "B31D7CA6-1DC9-4E29-99BC-748900C24EA8",
  "type" : "ENUMVALUES",
  "validationRules" : [ ]
}