{
  "botPrompts" : [ ],
  "enumValues" : [ {
    "type" : "StaticEntityValue",
    "canonicalName" : "Mutual Funds",
    "extensionType" : null,
    "synonyms" : [ "Funds", "Mutual" ],
    "trackingId" : "1A284BBC-104D-4ABF-BE10-9AE7CF5B72DB"
  }, {
    "type" : "StaticEntityValue",
    "canonicalName" : "Calculators",
    "extensionType" : null,
    "synonyms" : [ "Calculator", "calc" ],
    "trackingId" : "21EA78DA-DD44-4249-BB2E-80CFA6120C9F"
  } ],
  "fuzzyMatch" : false,
  "multiValue" : false,
  "name" : "NBE.ENT.RETAIL.OTHER_SERVICES",
  "promptForDisambiguation" : true,
  "trackingId" : "7C1ED0DC-FA5D-46E3-892A-F8502676E4C2",
  "type" : "ENUMVALUES",
  "validationRules" : [ ]
}