{
  "botPrompts" : [ ],
  "description" : "Main tree choices",
  "enumValues" : [ {
    "type" : "StaticEntityValue",
    "canonicalName" : "Retail",
    "extensionType" : null,
    "synonyms" : [ "retail", "retails", "أفراد", "افراد", "الأفراد", "الافراد" ],
    "trackingId" : "52721F8B-6CA2-4A24-91F3-EAA17E0AAE46"
  }, {
    "type" : "StaticEntityValue",
    "canonicalName" : "Corporate",
    "extensionType" : null,
    "synonyms" : [ "corporate", "corp", "corps", "شركات", "الشركات" ],
    "trackingId" : "6125F365-3F7A-4701-8D4F-0A6873CA33E1"
  } ],
  "fuzzyMatch" : false,
  "multiValue" : false,
  "name" : "NBE.ENT.BOT_TYPE",
  "promptForDisambiguation" : true,
  "trackingId" : "E7AC5AE2-CB7A-4E05-840C-88D91C5AB394",
  "type" : "ENUMVALUES",
  "validationRules" : [ ]
}