{
  "botPrompts" : [ ],
  "enumValues" : [ {
    "type" : "StaticEntityValue",
    "canonicalName" : "Saving Certificates (Local Currency)",
    "extensionType" : null,
    "synonyms" : [ "saving local currency" ],
    "trackingId" : "9BB32455-AE82-4D8D-B347-1D6FDA4EBC74"
  }, {
    "type" : "StaticEntityValue",
    "canonicalName" : "Saving Certificates (Foreign currency)",
    "extensionType" : null,
    "synonyms" : [ "saving foreign currency" ],
    "trackingId" : "07982D92-3169-4F10-86D4-05F96AF048AB"
  }, {
    "type" : "StaticEntityValue",
    "canonicalName" : "Investment Certificates",
    "extensionType" : null,
    "synonyms" : [ "investment", "invest certificate" ],
    "trackingId" : "878426F7-5D16-4B18-A8A2-D064066DD3B6"
  }, {
    "type" : "StaticEntityValue",
    "canonicalName" : "Belady Certificates (for Egyptian expatriates)",
    "extensionType" : null,
    "synonyms" : [ "Belady" ],
    "trackingId" : "D1BFCD65-746D-4A4C-BEE0-AF842D1F66F5"
  } ],
  "fuzzyMatch" : false,
  "multiValue" : false,
  "name" : "NBE.ENT.RETAIL.CD.CERTIFICATES",
  "promptForDisambiguation" : true,
  "trackingId" : "29C735F6-0755-409E-8679-8F42EA1E60C8",
  "type" : "ENUMVALUES",
  "validationRules" : [ ]
}