{
  "botPrompts" : [ ],
  "compositeBagItems" : [ {
    "sequenceNr" : 1,
    "name" : "CurrentCardsList",
    "fullName" : "CurrentCardsList",
    "type" : "ENTITY",
    "entityName" : "NBE.ENT.CORP.CARDS",
    "entityUsage" : {
      "type" : "NamedEntity",
      "name" : "NBE.ENT.CORP.CARDS",
      "multiValue" : false,
      "fuzzyMatch" : false,
      "promptForDisambiguation" : true
    },
    "multiValue" : false,
    "multiLingual" : false,
    "fuzzyMatch" : false,
    "outOfOrderExtraction" : "ALWAYS",
    "promptForDisambiguation" : true,
    "defaultEndDateToStartDate" : false,
    "trackingId" : "769A90D7-2963-4439-BC98-590B2B2CD287",
    "children" : null
  } ],
  "eventHandler" : "EventHandlers:CorporateCards",
  "fuzzyMatch" : false,
  "multiValue" : false,
  "name" : "NBE.CBE.CORP.CARDS",
  "promptForDisambiguation" : true,
  "trackingId" : "D7696644-9143-4C45-B736-A71A634EFE52",
  "type" : "COMPOSITEBAG",
  "validationRules" : [ ]
}