{
  "botPrompts" : [ ],
  "enumValues" : [ {
    "type" : "StaticEntityValue",
    "canonicalName" : "Credit Cards",
    "extensionType" : null,
    "synonyms" : [ "credit cards", "credit card", "credit" ],
    "trackingId" : "B9A5BD3F-0BBF-482B-8751-C81EA5ABB62E"
  }, {
    "type" : "StaticEntityValue",
    "canonicalName" : "Debit Cards",
    "extensionType" : null,
    "synonyms" : [ "debit cards", "debit card", "debit" ],
    "trackingId" : "FCED93A1-4B05-47D8-9F95-62849AFD4742"
  }, {
    "type" : "StaticEntityValue",
    "canonicalName" : "Prepaid Cards",
    "extensionType" : null,
    "synonyms" : [ "prepaid cards", "prepaid card", "prepaid" ],
    "trackingId" : "D8AD0E11-AFA0-4249-99C2-3DC4A01C4823"
  } ],
  "fuzzyMatch" : false,
  "multiValue" : false,
  "name" : "NBE.ENT.RETAIL.CARDS",
  "promptForDisambiguation" : true,
  "trackingId" : "9A6EB493-F792-4A6E-8A4C-F8E00F82FFD8",
  "type" : "ENUMVALUES",
  "validationRules" : [ ]
}