{
  "botPrompts" : [ ],
  "enumValues" : [ {
    "type" : "StaticEntityValue",
    "canonicalName" : "Roadside Assistance Services",
    "extensionType" : null,
    "synonyms" : [ "Roadside Assistance" ],
    "trackingId" : "10A9EEAA-BF60-467B-A1F8-00572F1AEA8D"
  }, {
    "type" : "StaticEntityValue",
    "canonicalName" : "Concierge Services",
    "extensionType" : null,
    "synonyms" : [ "Concierge" ],
    "trackingId" : "EA66F5C7-7184-4937-AC5E-967AE935FD58"
  } ],
  "fuzzyMatch" : false,
  "multiValue" : false,
  "name" : "NBE.ENT.RETAIL.AHLY_PLATINUM.NON_FINANCIAL",
  "promptForDisambiguation" : true,
  "trackingId" : "DC020B1B-56B1-49F4-AAF1-DAA34DCC65B9",
  "type" : "ENUMVALUES",
  "validationRules" : [ ]
}