{
  "botPrompts" : [ ],
  "enumValues" : [ {
    "type" : "StaticEntityValue",
    "canonicalName" : "Al Ahly Platinum Elite",
    "extensionType" : null,
    "synonyms" : [ "Elite" ],
    "trackingId" : "4CDF812F-6C09-448C-A648-B4DFED9BD895"
  }, {
    "type" : "StaticEntityValue",
    "canonicalName" : "Al Ahly Platinum Plus",
    "extensionType" : null,
    "synonyms" : [ "Plus" ],
    "trackingId" : "9F5D52D2-1BBF-436B-AFBB-777EBE7D2DDC"
  }, {
    "type" : "StaticEntityValue",
    "canonicalName" : "Al Ahly Platinum",
    "extensionType" : null,
    "synonyms" : null,
    "trackingId" : "E1B60032-AA60-45FA-86EA-C474282793AC"
  } ],
  "fuzzyMatch" : false,
  "multiValue" : false,
  "name" : "NBE.ENT.RETAIL.AHLY_PLATINUM.SEGMENTS",
  "promptForDisambiguation" : true,
  "trackingId" : "32A59201-F9EF-4FA8-ADAE-0989AFDA80C0",
  "type" : "ENUMVALUES",
  "validationRules" : [ ]
}