{
  "botPrompts" : [ ],
  "enumValues" : [ {
    "type" : "StaticEntityValue",
    "canonicalName" : "User manual/ FAQs",
    "extensionType" : null,
    "synonyms" : [ "User manual / FAQs", "user manual", "faqs" ],
    "trackingId" : "70D1B4E8-A692-4D44-A3C7-7ABBECA1CAFA"
  }, {
    "type" : "StaticEntityValue",
    "canonicalName" : "Hard token",
    "extensionType" : null,
    "synonyms" : null,
    "trackingId" : "B6E8105D-097E-4D72-B226-9E02622A169E"
  }, {
    "type" : "StaticEntityValue",
    "canonicalName" : "Downloading NBE Mobile application",
    "extensionType" : null,
    "synonyms" : [ "download nbe mobile application", "download nbe mobile app", "download mobile app", "download nbe app" ],
    "trackingId" : "E2F9887C-27DC-4FD4-B548-49C91E0B6886"
  }, {
    "type" : "StaticEntityValue",
    "canonicalName" : "Forgetting user ID/ password",
    "extensionType" : null,
    "synonyms" : [ "Forgetting user ID / password", "forgetting user id", "Forget user id", "forgetting password", "forget password" ],
    "trackingId" : "9A239948-BFE7-47AC-97AD-1EF8C1601370"
  }, {
    "type" : "StaticEntityValue",
    "canonicalName" : "Service subscription",
    "extensionType" : null,
    "synonyms" : [ "service sub", "service subscribe" ],
    "trackingId" : "F75AE88C-4191-44BA-8E8A-DBC2AB61A66A"
  } ],
  "fuzzyMatch" : false,
  "multiValue" : false,
  "name" : "NBE.ENT.CORP.DB.AHLY_NET",
  "promptForDisambiguation" : true,
  "trackingId" : "3A3CEAFB-BA01-479D-9956-82A78B4434CD",
  "type" : "ENUMVALUES",
  "validationRules" : [ ]
}