{
  "botPrompts" : [ ],
  "enumValues" : [ {
    "type" : "StaticEntityValue",
    "canonicalName" : "Certificate \"A\"",
    "extensionType" : null,
    "synonyms" : [ "A" ],
    "trackingId" : "125394F5-666D-4B01-9255-E71848E972A7"
  }, {
    "type" : "StaticEntityValue",
    "canonicalName" : "Certificate \"B\" 1 year",
    "extensionType" : null,
    "synonyms" : [ "B 1 year" ],
    "trackingId" : "B2462C94-9168-42E7-AA55-BD23B7060EEE"
  }, {
    "type" : "StaticEntityValue",
    "canonicalName" : "Certificate \"B\" 2 years",
    "extensionType" : null,
    "synonyms" : [ "B 2 years" ],
    "trackingId" : "800D990A-75AF-4D31-8556-7C29F39E6355"
  }, {
    "type" : "StaticEntityValue",
    "canonicalName" : "Certificate \"B\" 3 years",
    "extensionType" : null,
    "synonyms" : [ "B 3 years" ],
    "trackingId" : "EAD9B31B-F394-42E1-AEA4-A77321C72258"
  }, {
    "type" : "StaticEntityValue",
    "canonicalName" : "Group \"C\" Lottery Certificate",
    "extensionType" : null,
    "synonyms" : [ "Certificate C", "lottery certificate", "C" ],
    "trackingId" : "D86B8E68-7F25-40FC-B730-F39E7098A09B"
  } ],
  "fuzzyMatch" : false,
  "multiValue" : false,
  "name" : "NBE.ENT.RETAIL.CD.INVESTMENT_CERTIFICATES",
  "promptForDisambiguation" : true,
  "trackingId" : "E0E3CDC3-9D6B-44C3-A918-922D3F1A99A8",
  "type" : "ENUMVALUES",
  "validationRules" : [ ]
}