{
  "botPrompts" : [ ],
  "enumValues" : [ {
    "type" : "StaticEntityValue",
    "canonicalName" : "Credit Card Types",
    "extensionType" : null,
    "synonyms" : [ "credit card types", "credit types" ],
    "trackingId" : "7C88536E-F60C-4D95-BF5E-D6EC64EB4B88"
  }, {
    "type" : "StaticEntityValue",
    "canonicalName" : "Installment & discount programs",
    "extensionType" : null,
    "synonyms" : [ "installment & discount programs", "installment and discount programs", "installment programs", "discount programs", "installment & discount", "installment and discount" ],
    "trackingId" : "791D2A29-9961-4B8E-BCFD-0E997B5A50B7"
  }, {
    "type" : "StaticEntityValue",
    "canonicalName" : "Monthly offers",
    "extensionType" : null,
    "synonyms" : [ "monthly offers" ],
    "trackingId" : "A33FF14D-614D-45F8-B819-F2464946C037"
  }, {
    "type" : "StaticEntityValue",
    "canonicalName" : "How to activate your NBE credit card",
    "extensionType" : null,
    "synonyms" : [ "how to activate your nbe credit card", "activate nbe credit card", "how to activate your nbe credit", "activate your nbe credit card" ],
    "trackingId" : "805B5540-B0F9-4C11-AB66-722999FBFBCA"
  }, {
    "type" : "StaticEntityValue",
    "canonicalName" : "How to make credit card payments",
    "extensionType" : null,
    "synonyms" : [ "how to make credit card payments", "make credit card payments", "credit card payments" ],
    "trackingId" : "BAE07152-9D60-4A6A-A94B-D7ED47AB0AA9"
  }, {
    "type" : "StaticEntityValue",
    "canonicalName" : "E-statement service for cards",
    "extensionType" : null,
    "synonyms" : [ "e-statement service for cards", "estatement service for cards", "e statement service for cards", "e-statement", "e statement", "estatement" ],
    "trackingId" : "45254F71-D6C0-4356-8859-6F428411E041"
  } ],
  "fuzzyMatch" : false,
  "multiValue" : false,
  "name" : "NBE.ENT.RETAIL.CARDS.CREDIT_CARD",
  "promptForDisambiguation" : true,
  "trackingId" : "0223D85E-ED23-40BE-A12E-12774CD546BA",
  "type" : "ENUMVALUES",
  "validationRules" : [ ]
}