{
  "botPrompts" : [ ],
  "enumValues" : [ {
    "type" : "StaticEntityValue",
    "canonicalName" : "Savings Account",
    "extensionType" : null,
    "synonyms" : [ "savings account" ],
    "trackingId" : "DADA3900-AC9B-4DF4-B1B7-F2CFEC3DC671"
  }, {
    "type" : "StaticEntityValue",
    "canonicalName" : "Prizes Savings Account",
    "extensionType" : null,
    "synonyms" : [ "prizes account", "prizes savings", "prizes savings account" ],
    "trackingId" : "C2210AEE-1DE2-41DC-A602-44B513C14F72"
  } ],
  "fuzzyMatch" : false,
  "multiValue" : false,
  "name" : "NBE.ENT.RETAIL.ACCOUNTS.SA.FOREIGN_CURR",
  "promptForDisambiguation" : true,
  "trackingId" : "4D1ABB13-B7EE-4DCB-B790-F01B1006E684",
  "type" : "ENUMVALUES",
  "validationRules" : [ ]
}