{
  "botPrompts" : [ ],
  "enumValues" : [ {
    "type" : "StaticEntityValue",
    "canonicalName" : "Small Enterprise Sectors",
    "extensionType" : null,
    "synonyms" : [ "small enterprise sector", "small sector", "small sectors", "small enterprise", "small enterprises" ],
    "trackingId" : "AF49FCAC-E9E3-4168-856C-F790C864818A"
  }, {
    "type" : "StaticEntityValue",
    "canonicalName" : "Al Ahly for Non-Financial Services",
    "extensionType" : null,
    "synonyms" : [ "Al Ahly for Non Financial Services", "ahly for non financial services", "ahly for non-financial services", "ahly non-financial servies", "al ahly non financial services", "al ahly non-financial services", "ahly non financial services" ],
    "trackingId" : "70F2DBD7-B04F-4579-8F49-98696336E2A5"
  }, {
    "type" : "StaticEntityValue",
    "canonicalName" : "Banking Services SMEs",
    "extensionType" : null,
    "synonyms" : [ "banking smes", "banking sme", "banking services sme" ],
    "trackingId" : "AE149E96-6049-4058-B50A-D2DC5FCC2CCF"
  }, {
    "type" : "StaticEntityValue",
    "canonicalName" : "Medium Enterprise Units",
    "extensionType" : null,
    "synonyms" : [ "medium units", "medium enterprise", "medium enterprises" ],
    "trackingId" : "D967013A-78E2-49C9-91D2-5F1480148E83"
  }, {
    "type" : "StaticEntityValue",
    "canonicalName" : "Digital Banking",
    "extensionType" : null,
    "synonyms" : [ "digital" ],
    "trackingId" : "7930F46A-ABA7-42BE-A6A3-AE74D357BCB6"
  } ],
  "fuzzyMatch" : false,
  "multiValue" : false,
  "name" : "NBE.ENT.CORP.SMES",
  "promptForDisambiguation" : true,
  "trackingId" : "A2FC8E88-C61B-4AFE-AF80-B041C94C9379",
  "type" : "ENUMVALUES",
  "validationRules" : [ ]
}