{
  "botPrompts" : [ ],
  "enumValues" : [ {
    "type" : "StaticEntityValue",
    "canonicalName" : "Calculators",
    "extensionType" : null,
    "synonyms" : [ "calc", "calculator", "calculate" ],
    "trackingId" : "5745B0FD-2E10-46E6-8E57-7A6FC760EB37"
  }, {
    "type" : "StaticEntityValue",
    "canonicalName" : "Mutual Funds",
    "extensionType" : null,
    "synonyms" : [ "mutual fund" ],
    "trackingId" : "BFBC987E-7FA1-41DC-9237-CDEDA96B2B5D"
  } ],
  "fuzzyMatch" : false,
  "multiValue" : false,
  "name" : "NBE.ENT.CORP.OTHER_SERVICES",
  "promptForDisambiguation" : true,
  "trackingId" : "3BE848E8-A0A6-436E-971E-3B3E71988DBE",
  "type" : "ENUMVALUES",
  "validationRules" : [ ]
}