{
  "botPrompts" : [ ],
  "enumValues" : [ {
    "type" : "StaticEntityValue",
    "canonicalName" : "E-Statment service for accounts",
    "extensionType" : null,
    "synonyms" : [ "e-statment service for accounts", "e statment service for accounts", "estatment service for accounts", "e-statment service", "e statment service", "estatment service", "e-statment", "estatment" ],
    "trackingId" : "AFB21EFC-C7FF-4D81-AC63-74DAE777251D"
  }, {
    "type" : "StaticEntityValue",
    "canonicalName" : "Open your account, whenever, wherever",
    "extensionType" : null,
    "synonyms" : [ "open your account", "open account" ],
    "trackingId" : "688860F8-6BD3-4B2F-8337-5C9D73DA4C6F"
  }, {
    "type" : "StaticEntityValue",
    "canonicalName" : "Current account",
    "extensionType" : null,
    "synonyms" : [ "current account" ],
    "trackingId" : "D904A765-7967-43BA-89EB-8626F5257145"
  }, {
    "type" : "StaticEntityValue",
    "canonicalName" : "Savings account",
    "extensionType" : null,
    "synonyms" : [ "savings account", "savings" ],
    "trackingId" : "57FB0E3B-4DE4-4935-9EFC-74A8018A212F"
  } ],
  "fuzzyMatch" : false,
  "multiValue" : false,
  "name" : "NBE.ENT.RETAIL.ACCOUNTS",
  "promptForDisambiguation" : true,
  "trackingId" : "CC11E3A4-B9A1-4FC6-9BAC-4B23670DC20C",
  "type" : "ENUMVALUES",
  "validationRules" : [ ]
}