{
  "botPrompts" : [ ],
  "enumValues" : [ {
    "type" : "StaticEntityValue",
    "canonicalName" : "User Guide/ FAQs",
    "extensionType" : null,
    "synonyms" : [ "User Guide / FAQs", "user guide", "faqs" ],
    "trackingId" : "E273D166-E132-44DA-9A9C-130E2ABF00E8"
  }, {
    "type" : "StaticEntityValue",
    "canonicalName" : "Hard/ Soft Token",
    "extensionType" : null,
    "synonyms" : [ "Hard / Soft Token", "hard token", "soft token" ],
    "trackingId" : "F0091902-B3E0-49A3-8B4A-1E0BE9E8D098"
  }, {
    "type" : "StaticEntityValue",
    "canonicalName" : "Download of NBE Mobile application",
    "extensionType" : null,
    "synonyms" : [ "download nbe mobile application", "download nbe app", "nbe mobile application", "nbe app", "nbe mobile app", "download mobile application", "download mobile app" ],
    "trackingId" : "FDD68CED-56DC-4821-99D9-437E95B24AEB"
  }, {
    "type" : "StaticEntityValue",
    "canonicalName" : "Loss of User ID/ Login Password",
    "extensionType" : null,
    "synonyms" : [ "Loss of User ID / Login Password", "loss of user id", "loss user id", "loss login password", "login password" ],
    "trackingId" : "1098E86C-3A69-452F-92E6-D42B200050F2"
  }, {
    "type" : "StaticEntityValue",
    "canonicalName" : "Subscription/ Activation",
    "extensionType" : null,
    "synonyms" : [ "Subscription / Activation", "subscription", "activation" ],
    "trackingId" : "DD0B02CB-60B8-4676-8B0A-2110CF9487B3"
  } ],
  "fuzzyMatch" : false,
  "multiValue" : false,
  "name" : "NBE.ENT.RETAIL.DB.AHLY_NET",
  "promptForDisambiguation" : true,
  "trackingId" : "437A4F21-6995-4DAD-80C9-E1AA354BAF3E",
  "type" : "ENUMVALUES",
  "validationRules" : [ ]
}