{
  "botPrompts" : [ ],
  "enumValues" : [ {
    "type" : "StaticEntityValue",
    "canonicalName" : "How to Subscribe",
    "extensionType" : null,
    "synonyms" : [ "subscribe" ],
    "trackingId" : "B581D748-735B-4449-B87C-A989EDEA151F"
  }, {
    "type" : "StaticEntityValue",
    "canonicalName" : "Activation/re-setting password",
    "extensionType" : null,
    "synonyms" : [ "Activation / re-setting password", "Activation/re setting password", "Activation/resetting password", "Activation / resetting password", "Activation / re setting password", "password activation", "re-setting password", "resetting password", "re setting password", "activation password" ],
    "trackingId" : "89CA0DC2-AEDB-45F6-B818-3D486B4E9FAB"
  }, {
    "type" : "StaticEntityValue",
    "canonicalName" : "Wallet loading",
    "extensionType" : null,
    "synonyms" : [ "loading wallet" ],
    "trackingId" : "E3B1D789-27A2-4A79-ADBB-A1F02013649F"
  }, {
    "type" : "StaticEntityValue",
    "canonicalName" : "Scan and pay using \"QR code\"",
    "extensionType" : null,
    "synonyms" : [ "Scan and pay using QR code", "scan using qr code", "scan qr code", "pay using qr code", "pay qr code" ],
    "trackingId" : "BE14135D-29B4-43E4-88F3-A4BF0C19A87B"
  }, {
    "type" : "StaticEntityValue",
    "canonicalName" : "Purchase using an online card \"a virtual card\"",
    "extensionType" : null,
    "synonyms" : [ "Purchase using an online card a virtual card", "purchase using online card", "purchase using an online card", "purchase using virtual card", "purchase using a virtual card" ],
    "trackingId" : "97BF223A-42BA-45DA-B799-2E5C64A8F4E1"
  }, {
    "type" : "StaticEntityValue",
    "canonicalName" : "New services",
    "extensionType" : null,
    "synonyms" : [ "new service" ],
    "trackingId" : "3400942E-8338-449B-B83B-12FF7C21F30F"
  } ],
  "fuzzyMatch" : false,
  "multiValue" : false,
  "name" : "NBE.ENT.RETAIL.DB.PHONE_CASH",
  "promptForDisambiguation" : true,
  "trackingId" : "DB032BCE-5FAA-4952-A1FC-9CC4B1BF9543",
  "type" : "ENUMVALUES",
  "validationRules" : [ ]
}