{
  "botPrompts" : [ ],
  "enumValues" : [ {
    "type" : "StaticEntityValue",
    "canonicalName" : "Al-Ahly Net/ NBE Mobile",
    "extensionType" : null,
    "synonyms" : [ "Al-Ahly Net / NBE Mobile", "Al Ahly Net/ NBE Mobile", "Al Ahly Net / NBE Mobile", "nbe mobile", "al ahly net", "al-ahly net" ],
    "trackingId" : "45B68C75-B6D4-42AA-B820-61DA9AC80687"
  }, {
    "type" : "StaticEntityValue",
    "canonicalName" : "IVR Al Ahly Phone",
    "extensionType" : null,
    "synonyms" : [ "IVR", "ivr", "ivr phone", "ivr al ahly" ],
    "trackingId" : "975806CD-559B-4A1A-8A68-81BF44BC70DA"
  }, {
    "type" : "StaticEntityValue",
    "canonicalName" : "Al-Ahly Phone Cash",
    "extensionType" : null,
    "synonyms" : [ "Al Ahly Phone Cash", "al ahly cash", "phone cash" ],
    "trackingId" : "003FFF10-DCD1-454D-888C-133FD244D666"
  }, {
    "type" : "StaticEntityValue",
    "canonicalName" : "Al-Ahly E-Branches",
    "extensionType" : null,
    "synonyms" : [ "Al-Ahly E Branches", "Al Ahly E Branches", "Al Ahly E-Branches", "ahly e-branches", "ahly ebranches", "ahly e branches", "e-branches", "ebranches", "e branches" ],
    "trackingId" : "B06DB016-7066-4ACD-B37D-AD0009DD900F"
  }, {
    "type" : "StaticEntityValue",
    "canonicalName" : "Al-Ahly E-Shopping",
    "extensionType" : null,
    "synonyms" : [ "Al-Ahly E Shopping", "Al Ahly E-Shopping", "Al Ahly E Shopping", "ahly e-shopping", "ahly e shopping", "ahly eshopping", "e-shopping", "e shopping", "eshopping" ],
    "trackingId" : "DE1D56FB-B559-4D0E-A984-EB997B5BB92D"
  }, {
    "type" : "StaticEntityValue",
    "canonicalName" : "Bus Branch",
    "extensionType" : null,
    "synonyms" : [ "bus", "bus branch" ],
    "trackingId" : "C7CB4409-77BC-4A20-B9EF-CD570B70FC28"
  } ],
  "fuzzyMatch" : false,
  "multiValue" : false,
  "name" : "NBE.ENT.RETAIL.DIGITAL_BANKING",
  "promptForDisambiguation" : true,
  "trackingId" : "07CF13AE-9314-4489-B006-EB8DDFEE5138",
  "type" : "ENUMVALUES",
  "validationRules" : [ ]
}