{
  "botPrompts" : [ ],
  "enumValues" : [ {
    "type" : "StaticEntityValue",
    "canonicalName" : "With salary/ installment transfer",
    "extensionType" : null,
    "synonyms" : [ "With salary / installment transfer", "with salary", "with salary installment transfer", "witl salary installment", "with salary transfer" ],
    "trackingId" : "0337F567-4EDC-4B21-8DC9-9D3EDD17DC98"
  }, {
    "type" : "StaticEntityValue",
    "canonicalName" : "Without salary/ installment transfer",
    "extensionType" : null,
    "synonyms" : [ "Without salary / installment transfer", "without salary", "without salary installment transfer", "without salary installment", "without salary transfer" ],
    "trackingId" : "8B3F55CB-76B0-4434-8C8B-10AA39A81358"
  }, {
    "type" : "StaticEntityValue",
    "canonicalName" : "Business owners and self-employed",
    "extensionType" : null,
    "synonyms" : [ "business owners", "business owners and self employed" ],
    "trackingId" : "5BCFE259-C450-4A5B-AFA0-28509FF90BF5"
  }, {
    "type" : "StaticEntityValue",
    "canonicalName" : "Pensioners",
    "extensionType" : null,
    "synonyms" : [ "pensioner" ],
    "trackingId" : "F7252873-87FE-425F-A00E-80CF81881C8E"
  }, {
    "type" : "StaticEntityValue",
    "canonicalName" : "Secured personal loan",
    "extensionType" : null,
    "synonyms" : [ "secured personal" ],
    "trackingId" : "211CB954-B4E7-453B-B859-85AE196F4F72"
  } ],
  "fuzzyMatch" : false,
  "multiValue" : false,
  "name" : "NBE.ENT.RETAIL.PERSONAL_LOAN",
  "promptForDisambiguation" : true,
  "trackingId" : "B7F2B9F5-20A6-4812-B5D6-48164B2E3BAE",
  "type" : "ENUMVALUES",
  "validationRules" : [ ]
}