{
  "botPrompts" : [ ],
  "enumValues" : [ {
    "type" : "StaticEntityValue",
    "canonicalName" : "Available services",
    "extensionType" : null,
    "synonyms" : null,
    "trackingId" : "C6F909B2-B41E-48B1-9CBB-98FFBC6493A4"
  }, {
    "type" : "StaticEntityValue",
    "canonicalName" : "DCC service",
    "extensionType" : null,
    "synonyms" : [ "dcc" ],
    "trackingId" : "81A4F1E9-F047-45B7-AC2F-9F5F8B3FB7E6"
  }, {
    "type" : "StaticEntityValue",
    "canonicalName" : "QR code payments",
    "extensionType" : null,
    "synonyms" : [ "qr payments" ],
    "trackingId" : "B7C15AA7-1F2F-469B-86F8-CDCBFF8F6C75"
  }, {
    "type" : "StaticEntityValue",
    "canonicalName" : "For application/ required documents",
    "extensionType" : null,
    "synonyms" : [ "For application / required documents", "application documents", "required documents" ],
    "trackingId" : "BA1C3774-B9B9-4458-86CF-9DA217283287"
  } ],
  "fuzzyMatch" : false,
  "multiValue" : false,
  "name" : "NBE.ENT.CORP.DB.QR",
  "promptForDisambiguation" : true,
  "trackingId" : "4FB19D5A-8DD5-4176-9094-7036D66E842E",
  "type" : "ENUMVALUES",
  "validationRules" : [ ]
}