{
  "botPrompts" : [ ],
  "compositeBagItems" : [ {
    "sequenceNr" : 1,
    "name" : "LocalCurrAccountsList",
    "fullName" : "LocalCurrAccountsList",
    "type" : "ENTITY",
    "entityName" : "NBE.ENT.RETAIL.ACCOUNTS.SA.LOCAL_CURR",
    "entityUsage" : {
      "type" : "NamedEntity",
      "name" : "NBE.ENT.RETAIL.ACCOUNTS.SA.LOCAL_CURR",
      "multiValue" : false,
      "fuzzyMatch" : false,
      "promptForDisambiguation" : true
    },
    "multiValue" : false,
    "multiLingual" : false,
    "fuzzyMatch" : false,
    "outOfOrderExtraction" : "ALWAYS",
    "promptForDisambiguation" : true,
    "defaultEndDateToStartDate" : false,
    "trackingId" : "5380BF3D-B218-4905-BAEB-23E91526C3DA",
    "children" : null
  } ],
  "eventHandler" : "EventHandlers:RetailSavingsAccountLocalCurr",
  "fuzzyMatch" : false,
  "multiValue" : false,
  "name" : "NBE.CBE.RETAIL.ACCOUNTS.SA.LOCAL_CURR",
  "promptForDisambiguation" : true,
  "trackingId" : "0B7CE282-6965-4594-AF27-6515FA1A89B5",
  "type" : "COMPOSITEBAG",
  "validationRules" : [ ]
}