{
  "botPrompts" : [ ],
  "enumValues" : [ {
    "type" : "StaticEntityValue",
    "canonicalName" : "3% for middle-income brackets",
    "extensionType" : null,
    "synonyms" : [ "3% for middle income brackets", "middle-income brackets", "middle income brackets", "middle brackets" ],
    "trackingId" : "E3AF15F4-F467-4E35-A5E1-0C57B9E1D590"
  }, {
    "type" : "StaticEntityValue",
    "canonicalName" : "3% for low-income brackets",
    "extensionType" : null,
    "synonyms" : [ "3% for low income brackets", "low-income brackets", "low income brackets" ],
    "trackingId" : "4854BC57-E153-4A57-957F-DB0A8695006C"
  } ],
  "fuzzyMatch" : false,
  "multiValue" : false,
  "name" : "NBE.ENT.RETAIL.CBE_SUB_LOAN",
  "promptForDisambiguation" : true,
  "trackingId" : "09C90C24-4140-4046-9EDC-1028A66C2175",
  "type" : "ENUMVALUES",
  "validationRules" : [ ]
}