{
  "botPrompts" : [ ],
  "enumValues" : [ {
    "type" : "StaticEntityValue",
    "canonicalName" : "POS service",
    "extensionType" : null,
    "synonyms" : [ "pos" ],
    "trackingId" : "72E1299D-714A-4F89-86B4-05BFED6AE3FB"
  }, {
    "type" : "StaticEntityValue",
    "canonicalName" : "Installment service",
    "extensionType" : null,
    "synonyms" : [ "installment" ],
    "trackingId" : "8F8F66C9-1D27-49D3-B2DA-325E34462CE3"
  } ],
  "fuzzyMatch" : false,
  "multiValue" : false,
  "name" : "NBE.ENT.CORP.DB.QR.AVAILABLE_SERVICES",
  "promptForDisambiguation" : true,
  "trackingId" : "EBA07A36-B500-4518-837D-C6161F32074D",
  "type" : "ENUMVALUES",
  "validationRules" : [ ]
}