{
  "botPrompts" : [ ],
  "enumValues" : [ {
    "type" : "StaticEntityValue",
    "canonicalName" : "Savings Account",
    "extensionType" : null,
    "synonyms" : null,
    "trackingId" : "4A34C73A-9360-4E37-9377-900BCC109A29"
  }, {
    "type" : "StaticEntityValue",
    "canonicalName" : "Al Mostakabal Savings Account",
    "extensionType" : null,
    "synonyms" : null,
    "trackingId" : "FAD7F7CA-100D-4ED2-BB35-7D5F6D6707EF"
  }, {
    "type" : "StaticEntityValue",
    "canonicalName" : "Small Savings Account (with prizes)",
    "extensionType" : null,
    "synonyms" : null,
    "trackingId" : "82CF87C2-9086-4FFA-9DD9-268406023850"
  }, {
    "type" : "StaticEntityValue",
    "canonicalName" : "Pension Savings Account",
    "extensionType" : null,
    "synonyms" : null,
    "trackingId" : "19F65C44-1A90-4149-9EDB-77BDF3A30FF3"
  } ],
  "fuzzyMatch" : false,
  "multiValue" : false,
  "name" : "NBE.ENT.RETAIL.ACCOUNTS.SA.LOCAL_CURR",
  "promptForDisambiguation" : true,
  "trackingId" : "93A15CC5-B8E7-4220-91F4-AC8583FEC064",
  "type" : "ENUMVALUES",
  "validationRules" : [ ]
}