{
  "botPrompts" : [ ],
  "enumValues" : [ {
    "type" : "StaticEntityValue",
    "canonicalName" : "Savings Certificates",
    "extensionType" : null,
    "synonyms" : [ "savings", "savings certificates", "saving certificate" ],
    "trackingId" : "B58D22FA-B368-4431-9DFC-0261CCE61A94"
  }, {
    "type" : "StaticEntityValue",
    "canonicalName" : "Corporate deposits",
    "extensionType" : null,
    "synonyms" : [ "corporate deposit", "corp deposits", "corp deposit" ],
    "trackingId" : "FD6E0273-0261-4BD1-88D3-C12F32D037E1"
  } ],
  "fuzzyMatch" : false,
  "multiValue" : false,
  "name" : "NBE.ENT.CORP.CERTIFICATES_DEPOSITS",
  "promptForDisambiguation" : true,
  "trackingId" : "76DCEA67-9096-40AF-8242-9B37D57509C6",
  "type" : "ENUMVALUES",
  "validationRules" : [ ]
}