{
  "botPrompts" : [ ],
  "enumValues" : [ {
    "type" : "StaticEntityValue",
    "canonicalName" : "Loans",
    "extensionType" : null,
    "synonyms" : null,
    "trackingId" : "0186ABD0-9E15-4B4B-84BC-4F279E56769F"
  }, {
    "type" : "StaticEntityValue",
    "canonicalName" : "Accounts",
    "extensionType" : null,
    "synonyms" : null,
    "trackingId" : "39FFE2F3-A128-4086-8F93-03AAB10DB711"
  }, {
    "type" : "StaticEntityValue",
    "canonicalName" : "Escrow Services",
    "extensionType" : null,
    "synonyms" : null,
    "trackingId" : "47DD00B4-F528-4BCB-A4A1-37CF283A23B9"
  } ],
  "fuzzyMatch" : false,
  "multiValue" : false,
  "name" : "NBE.ENT.RETAIL.AHLY_PLATINUM.ACCOUNTS_LOANS",
  "promptForDisambiguation" : true,
  "trackingId" : "A4E05350-8E23-488C-BFF6-9079024B2298",
  "type" : "ENUMVALUES",
  "validationRules" : [ ]
}