{
  "annotations" : [ ],
  "autoCompleteData" : [ ],
  "enabled" : true,
  "exampleData" : [ {
    "annotations" : [ ],
    "contributor" : null,
    "crowdJobId" : null,
    "detectedLanguage" : null,
    "developerId" : null,
    "developerTag" : null,
    "exampleEntities" : [ ],
    "sentence" : "available other services",
    "trackingId" : "86A2B0A5-A803-4624-BCEE-81A92369EBFF",
    "translated" : null,
    "translatedBy" : null,
    "translatedLanguage" : null
  }, {
    "annotations" : [ ],
    "contributor" : null,
    "crowdJobId" : null,
    "detectedLanguage" : null,
    "developerId" : null,
    "developerTag" : null,
    "exampleEntities" : [ ],
    "sentence" : "other services",
    "trackingId" : "7F862BCE-BFC6-4E17-A0F9-7244ACBEB5CD",
    "translated" : null,
    "translatedBy" : null,
    "translatedLanguage" : null
  }, {
    "annotations" : [ ],
    "contributor" : null,
    "crowdJobId" : null,
    "detectedLanguage" : null,
    "developerId" : null,
    "developerTag" : null,
    "exampleEntities" : [ ],
    "sentence" : "show me other services",
    "trackingId" : "101975B8-96EB-4CAE-8FD4-A2256AF60EC6",
    "translated" : null,
    "translatedBy" : null,
    "translatedLanguage" : null
  }, {
    "annotations" : [ ],
    "contributor" : null,
    "crowdJobId" : null,
    "detectedLanguage" : null,
    "developerId" : null,
    "developerTag" : null,
    "exampleEntities" : [ ],
    "sentence" : "what other services available",
    "trackingId" : "964FB38C-87D6-435D-B37D-EE8A6EECF01A",
    "translated" : null,
    "translatedBy" : null,
    "translatedLanguage" : null
  } ],
  "intentParameters" : [ {
    "entity" : "NBE.ENT.RETAIL.OTHER_SERVICES.CALCULATORS",
    "entityAwareSetting" : {
      "enabled" : false
    },
    "required" : true,
    "trackingId" : "2A36908C-9D5F-49AE-AB78-3B5A0D0A1ECA"
  }, {
    "entity" : "NBE.ENT.RETAIL.OTHER_SERVICES",
    "entityAwareSetting" : {
      "enabled" : false
    },
    "required" : true,
    "trackingId" : "AC39A4B2-BDF2-496A-80AD-838FE63A909B"
  }, {
    "entity" : "NBE.ENT.CORP.OTHER_SERVICES.MUTUAL_FUNDS",
    "entityAwareSetting" : {
      "enabled" : false
    },
    "required" : true,
    "trackingId" : "8E5AEF92-E832-42E3-A90D-ED5342AF0A87"
  }, {
    "entity" : "NBE.ENT.RETAIL.OTHER_SERVICES.MUTUAL_FUNDS",
    "entityAwareSetting" : {
      "enabled" : false
    },
    "required" : true,
    "trackingId" : "C3277358-37A7-47F5-BAD6-2520F08367BC"
  }, {
    "entity" : "NBE.ENT.CORP.OTHER_SERVICES.CALCULATORS",
    "entityAwareSetting" : {
      "enabled" : false
    },
    "required" : true,
    "trackingId" : "2FC5E68A-F602-48EB-8396-0859030EEC1F"
  }, {
    "entity" : "NBE.ENT.CORP.OTHER_SERVICES",
    "entityAwareSetting" : {
      "enabled" : false
    },
    "required" : true,
    "trackingId" : "3326EC74-9D19-44B6-8E6C-30FDE77950F4"
  } ],
  "name" : "NBE.Core.OtherServices",
  "trackingId" : "1164D2B0-FE70-455F-924C-A21824203817",
  "type" : "NLPIntent"
}