{
  "annotations" : [ ],
  "autoCompleteData" : [ ],
  "enabled" : true,
  "exampleData" : [ {
    "annotations" : [ ],
    "contributor" : null,
    "crowdJobId" : null,
    "detectedLanguage" : null,
    "developerId" : null,
    "developerTag" : null,
    "exampleEntities" : [ ],
    "sentence" : "available certificates",
    "trackingId" : "DF37969C-C65E-4FAA-852B-EF0087199579",
    "translated" : null,
    "translatedBy" : null,
    "translatedLanguage" : null
  }, {
    "annotations" : [ ],
    "contributor" : null,
    "crowdJobId" : null,
    "detectedLanguage" : null,
    "developerId" : null,
    "developerTag" : null,
    "exampleEntities" : [ ],
    "sentence" : "available deposits",
    "trackingId" : "8256C6AB-6895-46E7-9A9D-30E4C322D818",
    "translated" : null,
    "translatedBy" : null,
    "translatedLanguage" : null
  }, {
    "annotations" : [ ],
    "contributor" : null,
    "crowdJobId" : null,
    "detectedLanguage" : null,
    "developerId" : null,
    "developerTag" : null,
    "exampleEntities" : [ ],
    "sentence" : "certificates & deposits",
    "trackingId" : "64ADF351-760F-4C42-8D69-549E51789866",
    "translated" : null,
    "translatedBy" : null,
    "translatedLanguage" : null
  }, {
    "annotations" : [ ],
    "contributor" : null,
    "crowdJobId" : null,
    "detectedLanguage" : null,
    "developerId" : null,
    "developerTag" : null,
    "exampleEntities" : [ ],
    "sentence" : "certificates and deposits",
    "trackingId" : "D4B1804D-5423-4112-9831-332293C00F00",
    "translated" : null,
    "translatedBy" : null,
    "translatedLanguage" : null
  }, {
    "annotations" : [ ],
    "contributor" : null,
    "crowdJobId" : null,
    "detectedLanguage" : null,
    "developerId" : null,
    "developerTag" : null,
    "exampleEntities" : [ ],
    "sentence" : "show me the certificates and deposits",
    "trackingId" : "BAD0B44E-FDD9-4BB1-B8A1-76808663B48D",
    "translated" : null,
    "translatedBy" : null,
    "translatedLanguage" : null
  } ],
  "intentParameters" : [ {
    "entity" : "NBE.ENT.RETAIL.CD.CERTIFICATES",
    "entityAwareSetting" : {
      "enabled" : false
    },
    "required" : true,
    "trackingId" : "54C2F33E-0AEC-4803-B9BE-968121E01984"
  }, {
    "entity" : "NBE.ENT.CORP.CD.CORPORATE_DEPOSITS",
    "entityAwareSetting" : {
      "enabled" : false
    },
    "required" : true,
    "trackingId" : "D60F7A47-CEEC-4CB4-B15F-C5728F0D118A"
  }, {
    "entity" : "NBE.ENT.RETAIL.CD.SAVINGS.LOCAL_CURRENCY",
    "entityAwareSetting" : {
      "enabled" : false
    },
    "required" : true,
    "trackingId" : "FBA3E72C-4888-4F71-8946-9F490A782B2A"
  }, {
    "entity" : "NBE.ENT.RETAIL.CD.INVESTMENT_CERTIFICATES",
    "entityAwareSetting" : {
      "enabled" : false
    },
    "required" : true,
    "trackingId" : "09AF137C-54D5-4035-82E6-6E244BBDC00D"
  }, {
    "entity" : "NBE.ENT.CORP.CD.SAVINGS.LOCAL_CURRENCY",
    "entityAwareSetting" : {
      "enabled" : false
    },
    "required" : true,
    "trackingId" : "4FF5F7FB-1A2E-49D4-99D0-AAE9AF5C40C5"
  }, {
    "entity" : "NBE.ENT.CORP.CERTIFICATES_DEPOSITS",
    "entityAwareSetting" : {
      "enabled" : false
    },
    "required" : true,
    "trackingId" : "7FD38FF9-C16B-41CD-8A58-6FC78B35A4AA"
  }, {
    "entity" : "NBE.ENT.RETAIL.CERTIFICATES_DEPOSITS",
    "entityAwareSetting" : {
      "enabled" : false
    },
    "required" : true,
    "trackingId" : "B0BECCA3-96C4-4E4F-B4B0-7FD4C605A3C5"
  }, {
    "entity" : "NBE.ENT.CORP.CD.SAVINGS_CERTIFICATES",
    "entityAwareSetting" : {
      "enabled" : false
    },
    "required" : true,
    "trackingId" : "4286092B-7869-4E2D-8685-EFCA7AFB9436"
  }, {
    "entity" : "NBE.ENT.RETAIL.CD.DEPOSITS",
    "entityAwareSetting" : {
      "enabled" : false
    },
    "required" : true,
    "trackingId" : "7BCC1DBD-D1A7-43CA-A986-62373C14687D"
  }, {
    "entity" : "NBE.ENT.CORP.CD.SAVINGS.FOREIGN_CURRENCY",
    "entityAwareSetting" : {
      "enabled" : false
    },
    "required" : true,
    "trackingId" : "A1BE4C91-03DB-47C1-968E-B41AE252F428"
  }, {
    "entity" : "NBE.ENT.RETAIL.CD.SAVINGS.FOREIGN_CURRENCY",
    "entityAwareSetting" : {
      "enabled" : false
    },
    "required" : true,
    "trackingId" : "50AFEDD0-E262-47BB-9045-787F5C606C18"
  } ],
  "name" : "NBE.Core.CertificatesAndDeposits",
  "trackingId" : "66242AE1-E166-459A-8BFA-416E3244AF3A",
  "type" : "NLPIntent"
}