{
  "annotations" : [ ],
  "autoCompleteData" : [ ],
  "enabled" : true,
  "exampleData" : [ {
    "annotations" : [ ],
    "contributor" : null,
    "crowdJobId" : null,
    "detectedLanguage" : null,
    "developerId" : null,
    "developerTag" : null,
    "exampleEntities" : [ ],
    "sentence" : "cards",
    "trackingId" : "FDD08952-DFD2-47FC-9EEF-DDDE2BFC5234",
    "translated" : null,
    "translatedBy" : null,
    "translatedLanguage" : null
  }, {
    "annotations" : [ ],
    "contributor" : null,
    "crowdJobId" : null,
    "detectedLanguage" : null,
    "developerId" : null,
    "developerTag" : null,
    "exampleEntities" : [ ],
    "sentence" : "cards types",
    "trackingId" : "41761AEC-92B4-4BD5-AC61-C252F3712BE5",
    "translated" : null,
    "translatedBy" : null,
    "translatedLanguage" : null
  }, {
    "annotations" : [ ],
    "contributor" : null,
    "crowdJobId" : null,
    "detectedLanguage" : null,
    "developerId" : null,
    "developerTag" : null,
    "exampleEntities" : [ ],
    "sentence" : "tell me about cards",
    "trackingId" : "D5F5CEAC-C60E-4008-A6B7-B574A51C2BFF",
    "translated" : null,
    "translatedBy" : null,
    "translatedLanguage" : null
  }, {
    "annotations" : [ ],
    "contributor" : null,
    "crowdJobId" : null,
    "detectedLanguage" : null,
    "developerId" : null,
    "developerTag" : null,
    "exampleEntities" : [ ],
    "sentence" : "what are cards NBE provides?",
    "trackingId" : "DA8F39A0-EA3E-4480-9AA4-0861FC03C8B3",
    "translated" : null,
    "translatedBy" : null,
    "translatedLanguage" : null
  } ],
  "intentParameters" : [ {
    "entity" : "NBE.ENT.RETAIL.CARDS",
    "entityAwareSetting" : {
      "enabled" : false
    },
    "required" : true,
    "trackingId" : "CE65FB40-2D35-48C2-BB93-6F4F235B21CC"
  }, {
    "entity" : "NBE.ENT.RETAIL.CARDS.CC.INSTALLMENT",
    "entityAwareSetting" : {
      "enabled" : false
    },
    "required" : true,
    "trackingId" : "7C907059-1E8F-4C78-8508-A8F4E0A7EFC2"
  }, {
    "entity" : "NBE.CBE.CORP.CARDS",
    "entityAwareSetting" : {
      "enabled" : false
    },
    "required" : true,
    "trackingId" : "BCDE1B98-554F-488F-ABED-9CE91D5A8202"
  }, {
    "entity" : "NBE.ENT.RETAIL.CARDS.CREDIT_CARD",
    "entityAwareSetting" : {
      "enabled" : false
    },
    "required" : true,
    "trackingId" : "50DFECAA-FF3F-4E6A-A306-64277919CABF"
  }, {
    "entity" : "NBE.ENT.CORP.CARDS",
    "entityAwareSetting" : {
      "enabled" : false
    },
    "required" : true,
    "trackingId" : "39663CCD-0EDF-49B5-BB24-38EED74856B5"
  } ],
  "name" : "NBE.Core.Cards",
  "trackingId" : "6238AA8F-EACC-4B7D-ABBE-9E83D74C08C3",
  "type" : "NLPIntent"
}