{
  "annotations" : [ ],
  "autoCompleteData" : [ ],
  "enabled" : true,
  "exampleData" : [ {
    "annotations" : [ ],
    "contributor" : null,
    "crowdJobId" : null,
    "detectedLanguage" : null,
    "developerId" : null,
    "developerTag" : null,
    "exampleEntities" : [ ],
    "sentence" : "digital banking",
    "trackingId" : "0D847944-EE71-4778-945F-69EBE842A9EE",
    "translated" : null,
    "translatedBy" : null,
    "translatedLanguage" : null
  }, {
    "annotations" : [ ],
    "contributor" : null,
    "crowdJobId" : null,
    "detectedLanguage" : null,
    "developerId" : null,
    "developerTag" : null,
    "exampleEntities" : [ ],
    "sentence" : "digital banking available",
    "trackingId" : "08817DD1-1074-41C1-B5DA-8B94419147BD",
    "translated" : null,
    "translatedBy" : null,
    "translatedLanguage" : null
  }, {
    "annotations" : [ ],
    "contributor" : null,
    "crowdJobId" : null,
    "detectedLanguage" : "en",
    "developerId" : null,
    "developerTag" : null,
    "exampleEntities" : [ ],
    "sentence" : "i want to know about digital banking",
    "trackingId" : "151DEE79-E840-4029-BB58-D92557F49D9F",
    "translated" : null,
    "translatedBy" : null,
    "translatedLanguage" : null
  }, {
    "annotations" : [ ],
    "contributor" : null,
    "crowdJobId" : null,
    "detectedLanguage" : null,
    "developerId" : null,
    "developerTag" : null,
    "exampleEntities" : [ ],
    "sentence" : "what is digital banking",
    "trackingId" : "4F0949BA-D332-4D0A-A19E-8ABD94464CCB",
    "translated" : null,
    "translatedBy" : null,
    "translatedLanguage" : null
  } ],
  "intentParameters" : [ {
    "entity" : "NBE.ENT.RETAIL.DIGITAL_BANKING",
    "entityAwareSetting" : {
      "enabled" : false
    },
    "required" : true,
    "trackingId" : "44906AC6-D549-4285-8994-9D1A52A01D10"
  }, {
    "entity" : "NBE.ENT.CORP.DIGITAL_BANKING",
    "entityAwareSetting" : {
      "enabled" : false
    },
    "required" : true,
    "trackingId" : "E4757A23-3BA1-4A5E-938D-D6E24F36247A"
  }, {
    "entity" : "NBE.ENT.RETAIL.DB.AHLY_NET",
    "entityAwareSetting" : {
      "enabled" : false
    },
    "required" : true,
    "trackingId" : "88598F9E-B4C8-4184-93D4-1F4A36712179"
  }, {
    "entity" : "NBE.ENT.RETAIL.DB.IVR",
    "entityAwareSetting" : {
      "enabled" : false
    },
    "required" : true,
    "trackingId" : "1FD9FDA7-055C-450A-8E4D-52EE374C6152"
  }, {
    "entity" : "NBE.ENT.CORP.DB.AHLY_NET",
    "entityAwareSetting" : {
      "enabled" : false
    },
    "required" : true,
    "trackingId" : "237DC530-6890-4370-B6E5-E8575BBDA7FF"
  }, {
    "entity" : "NBE.ENT.CORP.DB.QR.AVAILABLE_SERVICES",
    "entityAwareSetting" : {
      "enabled" : false
    },
    "required" : true,
    "trackingId" : "4DA4C6F9-2FF6-415D-9781-E3FD53A190B3"
  }, {
    "entity" : "NBE.ENT.CORP.DB.QR",
    "entityAwareSetting" : {
      "enabled" : false
    },
    "required" : true,
    "trackingId" : "26E61268-E06C-4AE5-9015-211AE3060E3F"
  } ],
  "name" : "NBE.Core.DigitalBanking",
  "trackingId" : "16310FA5-3B95-4738-ACDB-47AAE3606F15",
  "type" : "NLPIntent"
}