{
  "annotations" : [ ],
  "autoCompleteData" : [ ],
  "enabled" : true,
  "exampleData" : [ {
    "annotations" : [ ],
    "contributor" : null,
    "crowdJobId" : null,
    "detectedLanguage" : null,
    "developerId" : null,
    "developerTag" : null,
    "exampleEntities" : [ ],
    "sentence" : "I want to know about the accounts",
    "trackingId" : "0DCDA029-BCCC-46BD-8A43-706202997F72",
    "translated" : null,
    "translatedBy" : null,
    "translatedLanguage" : null
  }, {
    "annotations" : [ ],
    "contributor" : null,
    "crowdJobId" : null,
    "detectedLanguage" : null,
    "developerId" : null,
    "developerTag" : null,
    "exampleEntities" : [ ],
    "sentence" : "account types",
    "trackingId" : "F29AA9BB-8266-490A-A6E2-6E0AA555224C",
    "translated" : null,
    "translatedBy" : null,
    "translatedLanguage" : null
  }, {
    "annotations" : [ ],
    "contributor" : null,
    "crowdJobId" : null,
    "detectedLanguage" : null,
    "developerId" : null,
    "developerTag" : null,
    "exampleEntities" : [ ],
    "sentence" : "accounts",
    "trackingId" : "0D6CBDCD-3064-48C9-BDA0-1B1B7C04229D",
    "translated" : null,
    "translatedBy" : null,
    "translatedLanguage" : null
  }, {
    "annotations" : [ ],
    "contributor" : null,
    "crowdJobId" : null,
    "detectedLanguage" : "en",
    "developerId" : null,
    "developerTag" : null,
    "exampleEntities" : [ ],
    "sentence" : "available accounts",
    "trackingId" : "81724FAF-06B6-43CF-829C-E83EDDE35B28",
    "translated" : null,
    "translatedBy" : null,
    "translatedLanguage" : null
  }, {
    "annotations" : [ ],
    "contributor" : null,
    "crowdJobId" : null,
    "detectedLanguage" : null,
    "developerId" : null,
    "developerTag" : null,
    "exampleEntities" : [ ],
    "sentence" : "what accounts do you have",
    "trackingId" : "EFAFA30E-C248-4FDA-8477-896E973664B4",
    "translated" : null,
    "translatedBy" : null,
    "translatedLanguage" : null
  } ],
  "intentParameters" : [ {
    "entity" : "NBE.CBE.RETAIL.ACCOUNTS.CURRENT_ACC",
    "entityAwareSetting" : {
      "enabled" : false
    },
    "required" : true,
    "trackingId" : "654745B2-14A9-4699-86A3-B9C91ADF4486"
  }, {
    "entity" : "NBE.CBE.RETAIL.ACCOUNTS.SA.LOCAL_CURR",
    "entityAwareSetting" : {
      "enabled" : false
    },
    "required" : true,
    "trackingId" : "1FCB9D62-06C1-49BB-9E75-11939BCF558A"
  }, {
    "entity" : "NBE.ENT.RETAIL.ACCOUNTS.SAVINGS_ACCOUNT",
    "entityAwareSetting" : {
      "enabled" : false
    },
    "required" : true,
    "trackingId" : "8398D9B1-89A6-4B60-B981-D023911F74F5"
  }, {
    "entity" : "NBE.CBE.RETAIL.ACCOUNTS.SA.FOREIGN_CURR",
    "entityAwareSetting" : {
      "enabled" : false
    },
    "required" : true,
    "trackingId" : "83CFBBC0-101C-4F34-8E4F-EDD8EBA91858"
  }, {
    "entity" : "NBE.ENT.RETAIL.ACCOUNTS.SA.FOREIGN_CURR",
    "entityAwareSetting" : {
      "enabled" : false
    },
    "required" : true,
    "trackingId" : "108F229B-7993-48A8-BC15-292453DD4757"
  }, {
    "entity" : "NBE.ENT.RETAIL.ACCOUNTS",
    "entityAwareSetting" : {
      "enabled" : false
    },
    "required" : true,
    "trackingId" : "C96DE1BF-B2F3-4A83-A07E-E442D1F481EA"
  }, {
    "entity" : "NBE.ENT.RETAIL.ACCOUNTS.SA.LOCAL_CURR",
    "entityAwareSetting" : {
      "enabled" : false
    },
    "required" : true,
    "trackingId" : "B00492D2-0157-4D7A-9AF5-BDBE61442D2C"
  }, {
    "entity" : "NBE.ENT.RETAIL.ACCOUNTS.CURRENT_ACCOUNT",
    "entityAwareSetting" : {
      "enabled" : false
    },
    "required" : true,
    "trackingId" : "0D8ED4EF-62FA-4BFC-BC71-647C1C633C08"
  } ],
  "name" : "NBE.Core.Accounts",
  "trackingId" : "2AA6BABD-C5D7-40E7-BB31-6F31BBEE9F84",
  "type" : "NLPIntent"
}