{
  "annotations" : [ ],
  "autoCompleteData" : [ ],
  "enabled" : true,
  "exampleData" : [ {
    "annotations" : [ ],
    "contributor" : null,
    "crowdJobId" : null,
    "detectedLanguage" : null,
    "developerId" : null,
    "developerTag" : null,
    "exampleEntities" : [ ],
    "sentence" : "ahly offers",
    "trackingId" : "5287720D-0357-4C6C-BA3C-7B5B6AD1D6C8",
    "translated" : null,
    "translatedBy" : null,
    "translatedLanguage" : null
  }, {
    "annotations" : [ ],
    "contributor" : null,
    "crowdJobId" : null,
    "detectedLanguage" : null,
    "developerId" : null,
    "developerTag" : null,
    "exampleEntities" : [ ],
    "sentence" : "ahly points",
    "trackingId" : "E8537889-9C93-4115-A4CE-03071BDAF84B",
    "translated" : null,
    "translatedBy" : null,
    "translatedLanguage" : null
  }, {
    "annotations" : [ ],
    "contributor" : null,
    "crowdJobId" : null,
    "detectedLanguage" : null,
    "developerId" : null,
    "developerTag" : null,
    "exampleEntities" : [ ],
    "sentence" : "ahly points and offers",
    "trackingId" : "D98CD6DA-33C8-417E-9D58-D93426BB2426",
    "translated" : null,
    "translatedBy" : null,
    "translatedLanguage" : null
  }, {
    "annotations" : [ ],
    "contributor" : null,
    "crowdJobId" : null,
    "detectedLanguage" : null,
    "developerId" : null,
    "developerTag" : null,
    "exampleEntities" : [ ],
    "sentence" : "al ahly offers",
    "trackingId" : "BC5E82DA-6E95-4EA2-A45A-7B52F209BB64",
    "translated" : null,
    "translatedBy" : null,
    "translatedLanguage" : null
  }, {
    "annotations" : [ ],
    "contributor" : null,
    "crowdJobId" : null,
    "detectedLanguage" : null,
    "developerId" : null,
    "developerTag" : null,
    "exampleEntities" : [ ],
    "sentence" : "al ahly points",
    "trackingId" : "CB41B2B1-8589-45FB-850B-5F8F7A602A4E",
    "translated" : null,
    "translatedBy" : null,
    "translatedLanguage" : null
  }, {
    "annotations" : [ ],
    "contributor" : null,
    "crowdJobId" : null,
    "detectedLanguage" : null,
    "developerId" : null,
    "developerTag" : null,
    "exampleEntities" : [ ],
    "sentence" : "al ahly points and offers",
    "trackingId" : "B24ED001-CA08-461D-987D-B993836D899A",
    "translated" : null,
    "translatedBy" : null,
    "translatedLanguage" : null
  }, {
    "annotations" : [ ],
    "contributor" : null,
    "crowdJobId" : null,
    "detectedLanguage" : "en",
    "developerId" : null,
    "developerTag" : null,
    "exampleEntities" : [ ],
    "sentence" : "points and offers",
    "trackingId" : "0F54C155-F1F6-411B-9451-603BD039BBBD",
    "translated" : null,
    "translatedBy" : null,
    "translatedLanguage" : null
  } ],
  "intentParameters" : [ {
    "entity" : "NBE.ENT.RETAIL.AHLY_POINTS",
    "entityAwareSetting" : {
      "enabled" : false
    },
    "required" : true,
    "trackingId" : "D19A1912-D3DB-4A66-9FAD-C3074F3DEF36"
  }, {
    "entity" : "NBE.ENT.RETAIL.AHLY_POINTS_REDEMPTION",
    "entityAwareSetting" : {
      "enabled" : false
    },
    "required" : true,
    "trackingId" : "083D4809-CF13-453F-82C2-33678B77CBA2"
  }, {
    "entity" : "NBE.ENT.RETAIL.MAIN_AHLY_POINTS",
    "entityAwareSetting" : {
      "enabled" : false
    },
    "required" : true,
    "trackingId" : "742B73B9-3E60-45D9-A494-8F23D8F4078E"
  } ],
  "name" : "NBE.Core.AlAhlyPointAndOffers",
  "trackingId" : "1001049E-EF7E-4EEE-BA2B-4FEDAF871E19",
  "type" : "NLPIntent"
}