{
  "annotations" : [ ],
  "autoCompleteData" : [ ],
  "enabled" : true,
  "exampleData" : [ {
    "annotations" : [ ],
    "contributor" : null,
    "crowdJobId" : null,
    "detectedLanguage" : null,
    "developerId" : null,
    "developerTag" : null,
    "exampleEntities" : [ ],
    "sentence" : "corporate payrolls",
    "trackingId" : "F7D3FB8F-E492-4E07-89DE-5183BA3879BE",
    "translated" : null,
    "translatedBy" : null,
    "translatedLanguage" : null
  }, {
    "annotations" : [ ],
    "contributor" : null,
    "crowdJobId" : null,
    "detectedLanguage" : null,
    "developerId" : null,
    "developerTag" : null,
    "exampleEntities" : [ ],
    "sentence" : "payroll service",
    "trackingId" : "94671C6A-AB26-4DD3-B575-0DB31B211F4A",
    "translated" : null,
    "translatedBy" : null,
    "translatedLanguage" : null
  }, {
    "annotations" : [ ],
    "contributor" : null,
    "crowdJobId" : null,
    "detectedLanguage" : null,
    "developerId" : null,
    "developerTag" : null,
    "exampleEntities" : [ ],
    "sentence" : "payroll services",
    "trackingId" : "B9BBE0ED-8599-4CD7-8365-7CEBB7F852E1",
    "translated" : null,
    "translatedBy" : null,
    "translatedLanguage" : null
  }, {
    "annotations" : [ ],
    "contributor" : null,
    "crowdJobId" : null,
    "detectedLanguage" : null,
    "developerId" : null,
    "developerTag" : null,
    "exampleEntities" : [ ],
    "sentence" : "payrolls",
    "trackingId" : "9B40B4D5-DD9F-4335-913F-D894206D955C",
    "translated" : null,
    "translatedBy" : null,
    "translatedLanguage" : null
  }, {
    "annotations" : [ ],
    "contributor" : null,
    "crowdJobId" : null,
    "detectedLanguage" : null,
    "developerId" : null,
    "developerTag" : null,
    "exampleEntities" : [ ],
    "sentence" : "what are the services of payroll",
    "trackingId" : "43871A2B-5509-476A-AB45-33EB2715D9B9",
    "translated" : null,
    "translatedBy" : null,
    "translatedLanguage" : null
  }, {
    "annotations" : [ ],
    "contributor" : null,
    "crowdJobId" : null,
    "detectedLanguage" : null,
    "developerId" : null,
    "developerTag" : null,
    "exampleEntities" : [ ],
    "sentence" : "what is corporate payroll service",
    "trackingId" : "7CA7CC91-A770-45DD-9A6A-73AEB2428FF5",
    "translated" : null,
    "translatedBy" : null,
    "translatedLanguage" : null
  } ],
  "intentParameters" : [ {
    "entity" : "NBE.ENT.CORP.PAYROLL_SERVICES",
    "entityAwareSetting" : {
      "enabled" : false
    },
    "required" : true,
    "trackingId" : "C030BE35-6775-4939-B12D-B94CFC60D1C8"
  } ],
  "name" : "NBE.Core.PayrollServices",
  "trackingId" : "D39864F1-D406-4171-B114-308189334304",
  "type" : "NLPIntent"
}