{
  "botPrompts" : [ ],
  "compositeBagItems" : [ {
    "sequenceNr" : 1,
    "name" : "CurrentAutoLoanSelfEmpList",
    "fullName" : "CurrentAutoLoanSelfEmpList",
    "type" : "ENTITY",
    "entityName" : "NBE.ENT.RETAIL.LOANS.AUTO.SELF_EMPLOYED",
    "entityUsage" : {
      "type" : "NamedEntity",
      "name" : "NBE.ENT.RETAIL.LOANS.AUTO.SELF_EMPLOYED",
      "multiValue" : false,
      "fuzzyMatch" : false,
      "promptForDisambiguation" : true
    },
    "multiValue" : false,
    "multiLingual" : false,
    "fuzzyMatch" : false,
    "outOfOrderExtraction" : "ALWAYS",
    "promptForDisambiguation" : true,
    "defaultEndDateToStartDate" : false,
    "trackingId" : "57610780-96F8-4C4A-896E-F344C2037215",
    "children" : null
  } ],
  "eventHandler" : "EventHandlers:RetailLoansAutoSelfEmployed",
  "fuzzyMatch" : false,
  "multiValue" : false,
  "name" : "NBE.CBE.RETAIL.LOANS.AUTO.SELF_EMPLOYED",
  "promptForDisambiguation" : true,
  "trackingId" : "7507D820-61F9-4FBD-A81B-B516DE7C05F5",
  "type" : "COMPOSITEBAG",
  "validationRules" : [ ]
}