{
  "botPrompts" : [ ],
  "compositeBagItems" : [ {
    "sequenceNr" : 1,
    "name" : "CurrentPersonalLoanFinancingList",
    "fullName" : "CurrentPersonalLoanFinancingList",
    "type" : "ENTITY",
    "entityName" : "NBE.ENT.RETAIL.LOANS.AUTO.FINANCING",
    "entityUsage" : {
      "type" : "NamedEntity",
      "name" : "NBE.ENT.RETAIL.LOANS.AUTO.FINANCING",
      "multiValue" : false,
      "fuzzyMatch" : false,
      "promptForDisambiguation" : true
    },
    "multiValue" : false,
    "multiLingual" : false,
    "fuzzyMatch" : false,
    "outOfOrderExtraction" : "ALWAYS",
    "promptForDisambiguation" : true,
    "defaultEndDateToStartDate" : false,
    "trackingId" : "E9379D57-3556-4104-B677-CDF524A910B9",
    "children" : null
  } ],
  "eventHandler" : "EventHandlers:RetailLoansAutoFinancing",
  "fuzzyMatch" : false,
  "multiValue" : false,
  "name" : "NBE.CBE.RETAIL.LOANS.AUTO.FINANCING",
  "promptForDisambiguation" : true,
  "trackingId" : "45517950-F6A0-4D84-95FE-DD37E6C0E789",
  "type" : "COMPOSITEBAG",
  "validationRules" : [ ]
}