{
  "title": "main",
  "description": "",
  "variables": {
    "isSubmitDisable": {
      "type": "boolean",
      "defaultValue": true
    },
    "usersADP": {
      "type": "vb/ArrayDataProvider2",
      "defaultValue": {
        "itemType": "getUsersResponse",
        "keyAttributes": "id",
        "implicitSort": "[\n  {\n    \"attribute\": \"id\",\n    \"direction\": \"descending\"\n  },\n]"
      }
    },
    "usersBDP": {
      "type": "any"
    }

  },
  "metadata": {},
  "types": {
    "@decorators.getUsersResponse": {
      "endpoint": "getUsers",
      "service": "getListOfUsers",
      "path": "response"
    },
    "getUsersResponse": 
      {
        "email": "string",
        "id": "number",
        "name": "string",
        "phone": "string",
        "username": "string",
        "website": "string"
      }
    
  },
  "eventListeners": {
    "buttonAction": {
      "chains": [
        {
          "chain": "AddButtonActionChain"
        }
      ]
    },
    "buttonAction2": {
      "chains": [
        {
          "chain": "DeleteButtonActionChain",
          "parameters": {
            "key": "{{ $current.key }}",
            "index": "{{ $current.index }}",
            "current": "{{ $current }}"
          }
        }
      ]
    },
    "buttonAction3": {
      "chains": [
        {
          "chain": "UpdateButtonActionChain",
          "parameters": {
            "key": "{{ $current.key }}",
            "index": "{{ $current.index }}",
            "current": "{{ $current }}"
          }
        }
      ]
    },
    "buttonAction4": {
      "chains": [
        {
          "chain": "SubmitButtonActionChain"
        }
      ]
    },
    "buttonAction5": {
      "chains": [
        {
          "chain": "PrintButtonActionChain"
        }
      ]
    },
    "buttonAction6": {
      "chains": [
        {
          "chain": "ResetButtonActionChain"
        }
      ]
    },
    "toggleDrawer": {
      "chains": [
        {
          "chain": "application:toggleDrawerHandler"
        }
      ]
    },
    "vbEnter": {
      "chains": [
        {
          "parameters": {},
          "chain": "onPageLoad"
        }
      ]
    }

  },
  "imports": {
    "components": {
      "oj-button": {
        "path": "ojs/ojbutton"
      },
      "oj-table": {
        "path": "ojs/ojtable"
      }
    },
    "modules": {}
  }
}